frame,stall_id,state,group
image_20240313064649,1,empty,original_40
image_20240313064649,2,empty,original_40
image_20240313064649,3,empty,original_40
image_20240313064649,4,empty,original_40
image_20240313064649,5,empty,original_40
image_20240313064649,6,empty,original_40
image_20240313064649,7,empty,original_40
image_20240313064649,8,empty,original_40
image_20240313064649,9,empty,original_40
image_20240313064649,10,empty,original_40
image_20240313064649,11,empty,original_40
image_20240313064649,12,empty,original_40
image_20240313064649,13,empty,original_40
image_20240313064649,14,empty,original_40
image_20240313064649,15,empty,original_40
image_20240313064649,16,empty,original_40
image_20240313064649,17,empty,original_40
image_20240313064649,18,empty,original_40
image_20240313064649,19,empty,original_40
image_20240313064649,20,empty,original_40
image_20240313064649,21,empty,original_40
image_20240313064649,22,empty,original_40
image_20240313064649,23,empty,original_40
image_20240313064649,24,empty,original_40
image_20240313064649,25,empty,original_40
image_20240313064649,26,empty,original_40
image_20240313064649,27,empty,original_40
image_20240313064649,28,empty,original_40
image_20240313064649,29,empty,original_40
image_20240313064649,30,empty,original_40
image_20240313064649,31,empty,original_40
image_20240313064649,32,empty,original_40
image_20240313064649,33,empty,original_40
image_20240313064649,34,empty,original_40
image_20240313064649,35,empty,original_40
image_20240313064649,36,empty,original_40
image_20240313064649,37,empty,original_40
image_20240313064649,38,empty,original_40
image_20240313064649,39,empty,original_40
image_20240313064649,40,empty,original_40
image_20240313064649,41,empty,original_40
image_20240313064649,42,empty,original_40
image_20240313064649,43,empty,original_40
image_20240313064649,44,empty,original_40
image_20240313064649,45,empty,original_40
image_20240313064649,46,empty,original_40
image_20240313064649,47,empty,original_40
image_20240313064649,48,empty,original_40
image_20240313064649,49,empty,original_40
image_20240313064649,50,empty,original_40
image_20240313064649,51,empty,original_40
image_20240313064649,52,empty,original_40
image_20240313064649,53,empty,original_40
image_20240313064649,54,empty,original_40
image_20240313064649,55,empty,original_40
image_20240313064649,56,empty,original_40
image_20240313064649,57,empty,original_40
image_20240313064649,58,empty,original_40
image_20240313064649,59,occupied,original_40
image_20240313064649,60,empty,original_40
image_20240313064649,61,empty,original_40
image_20240313064649,62,empty,original_40
image_20240313064649,63,empty,original_40
image_20240313064649,64,empty,original_40
image_20240313064649,65,empty,original_40
image_20240313064649,66,empty,original_40
image_20240313064649,67,empty,original_40
image_20240313064649,68,empty,original_40
image_20240313064649,69,empty,original_40
image_20240313064649,70,empty,original_40
image_20240313064649,71,empty,original_40
image_20240313064649,72,empty,original_40
image_20240313064649,73,empty,original_40
image_20240313064649,74,empty,original_40
image_20240313064649,75,empty,original_40
image_20240313064649,76,empty,original_40
image_20240313064649,77,occupied,original_40
image_20240313064649,78,occupied,original_40
image_20240313064649,79,empty,original_40
image_20240313064649,80,empty,original_40
image_20240313064649,81,empty,original_40
image_20240313064649,82,empty,original_40
image_20240313072701,1,empty,original_40
image_20240313072701,2,empty,original_40
image_20240313072701,3,empty,original_40
image_20240313072701,4,empty,original_40
image_20240313072701,5,empty,original_40
image_20240313072701,6,empty,original_40
image_20240313072701,7,empty,original_40
image_20240313072701,8,empty,original_40
image_20240313072701,9,empty,original_40
image_20240313072701,10,empty,original_40
image_20240313072701,11,empty,original_40
image_20240313072701,12,empty,original_40
image_20240313072701,13,empty,original_40
image_20240313072701,14,occupied,original_40
image_20240313072701,15,empty,original_40
image_20240313072701,16,empty,original_40
image_20240313072701,17,occupied,original_40
image_20240313072701,18,empty,original_40
image_20240313072701,19,empty,original_40
image_20240313072701,20,empty,original_40
image_20240313072701,21,empty,original_40
image_20240313072701,22,empty,original_40
image_20240313072701,23,empty,original_40
image_20240313072701,24,empty,original_40
image_20240313072701,25,empty,original_40
image_20240313072701,26,empty,original_40
image_20240313072701,27,empty,original_40
image_20240313072701,28,empty,original_40
image_20240313072701,29,empty,original_40
image_20240313072701,30,occupied,original_40
image_20240313072701,31,occupied,original_40
image_20240313072701,32,empty,original_40
image_20240313072701,33,empty,original_40
image_20240313072701,34,empty,original_40
image_20240313072701,35,empty,original_40
image_20240313072701,36,empty,original_40
image_20240313072701,37,empty,original_40
image_20240313072701,38,empty,original_40
image_20240313072701,39,empty,original_40
image_20240313072701,40,empty,original_40
image_20240313072701,41,empty,original_40
image_20240313072701,42,empty,original_40
image_20240313072701,43,empty,original_40
image_20240313072701,44,empty,original_40
image_20240313072701,45,empty,original_40
image_20240313072701,46,empty,original_40
image_20240313072701,47,empty,original_40
image_20240313072701,48,empty,original_40
image_20240313072701,49,empty,original_40
image_20240313072701,50,empty,original_40
image_20240313072701,51,empty,original_40
image_20240313072701,52,empty,original_40
image_20240313072701,53,empty,original_40
image_20240313072701,54,empty,original_40
image_20240313072701,55,empty,original_40
image_20240313072701,56,empty,original_40
image_20240313072701,57,empty,original_40
image_20240313072701,58,empty,original_40
image_20240313072701,59,occupied,original_40
image_20240313072701,60,empty,original_40
image_20240313072701,61,empty,original_40
image_20240313072701,62,empty,original_40
image_20240313072701,63,empty,original_40
image_20240313072701,64,empty,original_40
image_20240313072701,65,empty,original_40
image_20240313072701,66,empty,original_40
image_20240313072701,67,empty,original_40
image_20240313072701,68,empty,original_40
image_20240313072701,69,empty,original_40
image_20240313072701,70,empty,original_40
image_20240313072701,71,empty,original_40
image_20240313072701,72,empty,original_40
image_20240313072701,73,empty,original_40
image_20240313072701,74,empty,original_40
image_20240313072701,75,empty,original_40
image_20240313072701,76,occupied,original_40
image_20240313072701,77,occupied,original_40
image_20240313072701,78,occupied,original_40
image_20240313072701,79,occupied,original_40
image_20240313072701,80,empty,original_40
image_20240313072701,81,empty,original_40
image_20240313072701,82,empty,original_40
image_20240313074709,1,empty,original_40
image_20240313074709,2,empty,original_40
image_20240313074709,3,empty,original_40
image_20240313074709,4,empty,original_40
image_20240313074709,5,empty,original_40
image_20240313074709,6,empty,original_40
image_20240313074709,7,empty,original_40
image_20240313074709,8,empty,original_40
image_20240313074709,9,empty,original_40
image_20240313074709,10,empty,original_40
image_20240313074709,11,empty,original_40
image_20240313074709,12,empty,original_40
image_20240313074709,13,empty,original_40
image_20240313074709,14,occupied,original_40
image_20240313074709,15,empty,original_40
image_20240313074709,16,empty,original_40
image_20240313074709,17,occupied,original_40
image_20240313074709,18,empty,original_40
image_20240313074709,19,empty,original_40
image_20240313074709,20,empty,original_40
image_20240313074709,21,empty,original_40
image_20240313074709,22,empty,original_40
image_20240313074709,23,empty,original_40
image_20240313074709,24,empty,original_40
image_20240313074709,25,empty,original_40
image_20240313074709,26,empty,original_40
image_20240313074709,27,empty,original_40
image_20240313074709,28,empty,original_40
image_20240313074709,29,empty,original_40
image_20240313074709,30,occupied,original_40
image_20240313074709,31,occupied,original_40
image_20240313074709,32,empty,original_40
image_20240313074709,33,empty,original_40
image_20240313074709,34,empty,original_40
image_20240313074709,35,empty,original_40
image_20240313074709,36,empty,original_40
image_20240313074709,37,empty,original_40
image_20240313074709,38,empty,original_40
image_20240313074709,39,empty,original_40
image_20240313074709,40,empty,original_40
image_20240313074709,41,empty,original_40
image_20240313074709,42,empty,original_40
image_20240313074709,43,empty,original_40
image_20240313074709,44,empty,original_40
image_20240313074709,45,empty,original_40
image_20240313074709,46,empty,original_40
image_20240313074709,47,empty,original_40
image_20240313074709,48,empty,original_40
image_20240313074709,49,empty,original_40
image_20240313074709,50,empty,original_40
image_20240313074709,51,empty,original_40
image_20240313074709,52,empty,original_40
image_20240313074709,53,empty,original_40
image_20240313074709,54,empty,original_40
image_20240313074709,55,empty,original_40
image_20240313074709,56,empty,original_40
image_20240313074709,57,empty,original_40
image_20240313074709,58,empty,original_40
image_20240313074709,59,occupied,original_40
image_20240313074709,60,empty,original_40
image_20240313074709,61,empty,original_40
image_20240313074709,62,empty,original_40
image_20240313074709,63,empty,original_40
image_20240313074709,64,empty,original_40
image_20240313074709,65,empty,original_40
image_20240313074709,66,empty,original_40
image_20240313074709,67,empty,original_40
image_20240313074709,68,empty,original_40
image_20240313074709,69,empty,original_40
image_20240313074709,70,empty,original_40
image_20240313074709,71,empty,original_40
image_20240313074709,72,empty,original_40
image_20240313074709,73,empty,original_40
image_20240313074709,74,empty,original_40
image_20240313074709,75,empty,original_40
image_20240313074709,76,occupied,original_40
image_20240313074709,77,occupied,original_40
image_20240313074709,78,empty,original_40
image_20240313074709,79,occupied,original_40
image_20240313074709,80,empty,original_40
image_20240313074709,81,empty,original_40
image_20240313074709,82,empty,original_40
image_20240313110815,1,empty,original_40
image_20240313110815,2,occupied,original_40
image_20240313110815,3,empty,original_40
image_20240313110815,4,empty,original_40
image_20240313110815,5,occupied,original_40
image_20240313110815,6,occupied,original_40
image_20240313110815,7,occupied,original_40
image_20240313110815,8,occupied,original_40
image_20240313110815,9,occupied,original_40
image_20240313110815,10,occupied,original_40
image_20240313110815,11,occupied,original_40
image_20240313110815,12,occupied,original_40
image_20240313110815,13,occupied,original_40
image_20240313110815,14,occupied,original_40
image_20240313110815,15,occupied,original_40
image_20240313110815,16,occupied,original_40
image_20240313110815,17,occupied,original_40
image_20240313110815,18,occupied,original_40
image_20240313110815,19,occupied,original_40
image_20240313110815,20,occupied,original_40
image_20240313110815,21,occupied,original_40
image_20240313110815,22,occupied,original_40
image_20240313110815,23,occupied,original_40
image_20240313110815,24,occupied,original_40
image_20240313110815,25,occupied,original_40
image_20240313110815,26,occupied,original_40
image_20240313110815,27,occupied,original_40
image_20240313110815,28,occupied,original_40
image_20240313110815,29,occupied,original_40
image_20240313110815,30,occupied,original_40
image_20240313110815,31,occupied,original_40
image_20240313110815,32,occupied,original_40
image_20240313110815,33,occupied,original_40
image_20240313110815,34,occupied,original_40
image_20240313110815,35,occupied,original_40
image_20240313110815,36,occupied,original_40
image_20240313110815,37,occupied,original_40
image_20240313110815,38,occupied,original_40
image_20240313110815,39,occupied,original_40
image_20240313110815,40,empty,original_40
image_20240313110815,41,occupied,original_40
image_20240313110815,42,empty,original_40
image_20240313110815,43,empty,original_40
image_20240313110815,44,empty,original_40
image_20240313110815,45,empty,original_40
image_20240313110815,46,empty,original_40
image_20240313110815,47,empty,original_40
image_20240313110815,48,empty,original_40
image_20240313110815,49,empty,original_40
image_20240313110815,50,empty,original_40
image_20240313110815,51,empty,original_40
image_20240313110815,52,empty,original_40
image_20240313110815,53,empty,original_40
image_20240313110815,54,empty,original_40
image_20240313110815,55,empty,original_40
image_20240313110815,56,empty,original_40
image_20240313110815,57,empty,original_40
image_20240313110815,58,empty,original_40
image_20240313110815,59,occupied,original_40
image_20240313110815,60,empty,original_40
image_20240313110815,61,empty,original_40
image_20240313110815,62,occupied,original_40
image_20240313110815,63,empty,original_40
image_20240313110815,64,occupied,original_40
image_20240313110815,65,occupied,original_40
image_20240313110815,66,occupied,original_40
image_20240313110815,67,occupied,original_40
image_20240313110815,68,occupied,original_40
image_20240313110815,69,occupied,original_40
image_20240313110815,70,occupied,original_40
image_20240313110815,71,occupied,original_40
image_20240313110815,72,occupied,original_40
image_20240313110815,73,occupied,original_40
image_20240313110815,74,occupied,original_40
image_20240313110815,75,occupied,original_40
image_20240313110815,76,occupied,original_40
image_20240313110815,77,occupied,original_40
image_20240313110815,78,occupied,original_40
image_20240313110815,79,occupied,original_40
image_20240313110815,80,empty,original_40
image_20240313110815,81,empty,original_40
image_20240313110815,82,empty,original_40
image_20240313100755,1,empty,original_40
image_20240313100755,2,empty,original_40
image_20240313100755,3,occupied,original_40
image_20240313100755,4,empty,original_40
image_20240313100755,5,occupied,original_40
image_20240313100755,6,empty,original_40
image_20240313100755,7,occupied,original_40
image_20240313100755,8,occupied,original_40
image_20240313100755,9,occupied,original_40
image_20240313100755,10,occupied,original_40
image_20240313100755,11,occupied,original_40
image_20240313100755,12,occupied,original_40
image_20240313100755,13,occupied,original_40
image_20240313100755,14,occupied,original_40
image_20240313100755,15,occupied,original_40
image_20240313100755,16,occupied,original_40
image_20240313100755,17,occupied,original_40
image_20240313100755,18,occupied,original_40
image_20240313100755,19,occupied,original_40
image_20240313100755,20,empty,original_40
image_20240313100755,21,occupied,original_40
image_20240313100755,22,occupied,original_40
image_20240313100755,23,occupied,original_40
image_20240313100755,24,occupied,original_40
image_20240313100755,25,occupied,original_40
image_20240313100755,26,occupied,original_40
image_20240313100755,27,occupied,original_40
image_20240313100755,28,occupied,original_40
image_20240313100755,29,empty,original_40
image_20240313100755,30,occupied,original_40
image_20240313100755,31,occupied,original_40
image_20240313100755,32,occupied,original_40
image_20240313100755,33,occupied,original_40
image_20240313100755,34,occupied,original_40
image_20240313100755,35,occupied,original_40
image_20240313100755,36,occupied,original_40
image_20240313100755,37,occupied,original_40
image_20240313100755,38,occupied,original_40
image_20240313100755,39,occupied,original_40
image_20240313100755,40,occupied,original_40
image_20240313100755,41,occupied,original_40
image_20240313100755,42,empty,original_40
image_20240313100755,43,empty,original_40
image_20240313100755,44,empty,original_40
image_20240313100755,45,empty,original_40
image_20240313100755,46,empty,original_40
image_20240313100755,47,empty,original_40
image_20240313100755,48,empty,original_40
image_20240313100755,49,empty,original_40
image_20240313100755,50,empty,original_40
image_20240313100755,51,empty,original_40
image_20240313100755,52,empty,original_40
image_20240313100755,53,empty,original_40
image_20240313100755,54,empty,original_40
image_20240313100755,55,empty,original_40
image_20240313100755,56,empty,original_40
image_20240313100755,57,empty,original_40
image_20240313100755,58,empty,original_40
image_20240313100755,59,empty,original_40
image_20240313100755,60,occupied,original_40
image_20240313100755,61,empty,original_40
image_20240313100755,62,empty,original_40
image_20240313100755,63,occupied,original_40
image_20240313100755,64,empty,original_40
image_20240313100755,65,occupied,original_40
image_20240313100755,66,occupied,original_40
image_20240313100755,67,empty,original_40
image_20240313100755,68,occupied,original_40
image_20240313100755,69,occupied,original_40
image_20240313100755,70,occupied,original_40
image_20240313100755,71,occupied,original_40
image_20240313100755,72,occupied,original_40
image_20240313100755,73,occupied,original_40
image_20240313100755,74,occupied,original_40
image_20240313100755,75,occupied,original_40
image_20240313100755,76,occupied,original_40
image_20240313100755,77,occupied,original_40
image_20240313100755,78,occupied,original_40
image_20240313100755,79,occupied,original_40
image_20240313100755,80,empty,original_40
image_20240313100755,81,empty,original_40
image_20240313100755,82,empty,original_40
image_20240313080715,1,empty,original_40
image_20240313080715,2,empty,original_40
image_20240313080715,3,empty,original_40
image_20240313080715,4,occupied,original_40
image_20240313080715,5,empty,original_40
image_20240313080715,6,empty,original_40
image_20240313080715,7,empty,original_40
image_20240313080715,8,empty,original_40
image_20240313080715,9,empty,original_40
image_20240313080715,10,empty,original_40
image_20240313080715,11,empty,original_40
image_20240313080715,12,empty,original_40
image_20240313080715,13,empty,original_40
image_20240313080715,14,occupied,original_40
image_20240313080715,15,occupied,original_40
image_20240313080715,16,empty,original_40
image_20240313080715,17,occupied,original_40
image_20240313080715,18,empty,original_40
image_20240313080715,19,empty,original_40
image_20240313080715,20,empty,original_40
image_20240313080715,21,empty,original_40
image_20240313080715,22,empty,original_40
image_20240313080715,23,empty,original_40
image_20240313080715,24,empty,original_40
image_20240313080715,25,empty,original_40
image_20240313080715,26,empty,original_40
image_20240313080715,27,empty,original_40
image_20240313080715,28,empty,original_40
image_20240313080715,29,empty,original_40
image_20240313080715,30,occupied,original_40
image_20240313080715,31,occupied,original_40
image_20240313080715,32,empty,original_40
image_20240313080715,33,empty,original_40
image_20240313080715,34,empty,original_40
image_20240313080715,35,empty,original_40
image_20240313080715,36,empty,original_40
image_20240313080715,37,empty,original_40
image_20240313080715,38,empty,original_40
image_20240313080715,39,empty,original_40
image_20240313080715,40,empty,original_40
image_20240313080715,41,empty,original_40
image_20240313080715,42,empty,original_40
image_20240313080715,43,empty,original_40
image_20240313080715,44,empty,original_40
image_20240313080715,45,empty,original_40
image_20240313080715,46,empty,original_40
image_20240313080715,47,empty,original_40
image_20240313080715,48,empty,original_40
image_20240313080715,49,empty,original_40
image_20240313080715,50,empty,original_40
image_20240313080715,51,empty,original_40
image_20240313080715,52,empty,original_40
image_20240313080715,53,empty,original_40
image_20240313080715,54,empty,original_40
image_20240313080715,55,empty,original_40
image_20240313080715,56,empty,original_40
image_20240313080715,57,empty,original_40
image_20240313080715,58,empty,original_40
image_20240313080715,59,occupied,original_40
image_20240313080715,60,empty,original_40
image_20240313080715,61,empty,original_40
image_20240313080715,62,empty,original_40
image_20240313080715,63,empty,original_40
image_20240313080715,64,empty,original_40
image_20240313080715,65,empty,original_40
image_20240313080715,66,empty,original_40
image_20240313080715,67,empty,original_40
image_20240313080715,68,empty,original_40
image_20240313080715,69,empty,original_40
image_20240313080715,70,empty,original_40
image_20240313080715,71,empty,original_40
image_20240313080715,72,empty,original_40
image_20240313080715,73,empty,original_40
image_20240313080715,74,empty,original_40
image_20240313080715,75,empty,original_40
image_20240313080715,76,occupied,original_40
image_20240313080715,77,occupied,original_40
image_20240313080715,78,empty,original_40
image_20240313080715,79,occupied,original_40
image_20240313080715,80,empty,original_40
image_20240313080715,81,empty,original_40
image_20240313080715,82,empty,original_40
image_20240313105811,1,empty,original_40
image_20240313105811,2,empty,original_40
image_20240313105811,3,occupied,original_40
image_20240313105811,4,empty,original_40
image_20240313105811,5,occupied,original_40
image_20240313105811,6,empty,original_40
image_20240313105811,7,occupied,original_40
image_20240313105811,8,empty,original_40
image_20240313105811,9,occupied,original_40
image_20240313105811,10,occupied,original_40
image_20240313105811,11,occupied,original_40
image_20240313105811,12,occupied,original_40
image_20240313105811,13,occupied,original_40
image_20240313105811,14,occupied,original_40
image_20240313105811,15,occupied,original_40
image_20240313105811,16,occupied,original_40
image_20240313105811,17,occupied,original_40
image_20240313105811,18,occupied,original_40
image_20240313105811,19,occupied,original_40
image_20240313105811,20,occupied,original_40
image_20240313105811,21,occupied,original_40
image_20240313105811,22,occupied,original_40
image_20240313105811,23,occupied,original_40
image_20240313105811,24,occupied,original_40
image_20240313105811,25,occupied,original_40
image_20240313105811,26,occupied,original_40
image_20240313105811,27,occupied,original_40
image_20240313105811,28,occupied,original_40
image_20240313105811,29,empty,original_40
image_20240313105811,30,occupied,original_40
image_20240313105811,31,occupied,original_40
image_20240313105811,32,occupied,original_40
image_20240313105811,33,occupied,original_40
image_20240313105811,34,occupied,original_40
image_20240313105811,35,occupied,original_40
image_20240313105811,36,occupied,original_40
image_20240313105811,37,occupied,original_40
image_20240313105811,38,occupied,original_40
image_20240313105811,39,occupied,original_40
image_20240313105811,40,empty,original_40
image_20240313105811,41,occupied,original_40
image_20240313105811,42,empty,original_40
image_20240313105811,43,empty,original_40
image_20240313105811,44,empty,original_40
image_20240313105811,45,empty,original_40
image_20240313105811,46,empty,original_40
image_20240313105811,47,empty,original_40
image_20240313105811,48,empty,original_40
image_20240313105811,49,empty,original_40
image_20240313105811,50,empty,original_40
image_20240313105811,51,empty,original_40
image_20240313105811,52,empty,original_40
image_20240313105811,53,empty,original_40
image_20240313105811,54,empty,original_40
image_20240313105811,55,empty,original_40
image_20240313105811,56,empty,original_40
image_20240313105811,57,empty,original_40
image_20240313105811,58,empty,original_40
image_20240313105811,59,empty,original_40
image_20240313105811,60,occupied,original_40
image_20240313105811,61,empty,original_40
image_20240313105811,62,empty,original_40
image_20240313105811,63,occupied,original_40
image_20240313105811,64,empty,original_40
image_20240313105811,65,occupied,original_40
image_20240313105811,66,occupied,original_40
image_20240313105811,67,occupied,original_40
image_20240313105811,68,occupied,original_40
image_20240313105811,69,occupied,original_40
image_20240313105811,70,occupied,original_40
image_20240313105811,71,occupied,original_40
image_20240313105811,72,occupied,original_40
image_20240313105811,73,occupied,original_40
image_20240313105811,74,occupied,original_40
image_20240313105811,75,occupied,original_40
image_20240313105811,76,occupied,original_40
image_20240313105811,77,occupied,original_40
image_20240313105811,78,occupied,original_40
image_20240313105811,79,occupied,original_40
image_20240313105811,80,empty,original_40
image_20240313105811,81,empty,original_40
image_20240313105811,82,empty,original_40
image_20240313101759,1,empty,original_40
image_20240313101759,2,empty,original_40
image_20240313101759,3,occupied,original_40
image_20240313101759,4,empty,original_40
image_20240313101759,5,occupied,original_40
image_20240313101759,6,empty,original_40
image_20240313101759,7,occupied,original_40
image_20240313101759,8,occupied,original_40
image_20240313101759,9,occupied,original_40
image_20240313101759,10,occupied,original_40
image_20240313101759,11,occupied,original_40
image_20240313101759,12,occupied,original_40
image_20240313101759,13,occupied,original_40
image_20240313101759,14,occupied,original_40
image_20240313101759,15,occupied,original_40
image_20240313101759,16,occupied,original_40
image_20240313101759,17,occupied,original_40
image_20240313101759,18,occupied,original_40
image_20240313101759,19,occupied,original_40
image_20240313101759,20,empty,original_40
image_20240313101759,21,occupied,original_40
image_20240313101759,22,occupied,original_40
image_20240313101759,23,empty,original_40
image_20240313101759,24,occupied,original_40
image_20240313101759,25,occupied,original_40
image_20240313101759,26,occupied,original_40
image_20240313101759,27,occupied,original_40
image_20240313101759,28,occupied,original_40
image_20240313101759,29,empty,original_40
image_20240313101759,30,occupied,original_40
image_20240313101759,31,occupied,original_40
image_20240313101759,32,occupied,original_40
image_20240313101759,33,occupied,original_40
image_20240313101759,34,occupied,original_40
image_20240313101759,35,occupied,original_40
image_20240313101759,36,occupied,original_40
image_20240313101759,37,occupied,original_40
image_20240313101759,38,occupied,original_40
image_20240313101759,39,occupied,original_40
image_20240313101759,40,occupied,original_40
image_20240313101759,41,occupied,original_40
image_20240313101759,42,empty,original_40
image_20240313101759,43,empty,original_40
image_20240313101759,44,empty,original_40
image_20240313101759,45,empty,original_40
image_20240313101759,46,empty,original_40
image_20240313101759,47,empty,original_40
image_20240313101759,48,empty,original_40
image_20240313101759,49,empty,original_40
image_20240313101759,50,empty,original_40
image_20240313101759,51,empty,original_40
image_20240313101759,52,empty,original_40
image_20240313101759,53,empty,original_40
image_20240313101759,54,empty,original_40
image_20240313101759,55,empty,original_40
image_20240313101759,56,empty,original_40
image_20240313101759,57,empty,original_40
image_20240313101759,58,empty,original_40
image_20240313101759,59,empty,original_40
image_20240313101759,60,occupied,original_40
image_20240313101759,61,empty,original_40
image_20240313101759,62,empty,original_40
image_20240313101759,63,occupied,original_40
image_20240313101759,64,empty,original_40
image_20240313101759,65,occupied,original_40
image_20240313101759,66,occupied,original_40
image_20240313101759,67,occupied,original_40
image_20240313101759,68,occupied,original_40
image_20240313101759,69,occupied,original_40
image_20240313101759,70,occupied,original_40
image_20240313101759,71,occupied,original_40
image_20240313101759,72,occupied,original_40
image_20240313101759,73,occupied,original_40
image_20240313101759,74,occupied,original_40
image_20240313101759,75,occupied,original_40
image_20240313101759,76,occupied,original_40
image_20240313101759,77,occupied,original_40
image_20240313101759,78,occupied,original_40
image_20240313101759,79,occupied,original_40
image_20240313101759,80,empty,original_40
image_20240313101759,81,empty,original_40
image_20240313101759,82,empty,original_40
image_20240313093745,1,empty,original_40
image_20240313093745,2,empty,original_40
image_20240313093745,3,occupied,original_40
image_20240313093745,4,empty,original_40
image_20240313093745,5,empty,original_40
image_20240313093745,6,occupied,original_40
image_20240313093745,7,empty,original_40
image_20240313093745,8,occupied,original_40
image_20240313093745,9,occupied,original_40
image_20240313093745,10,occupied,original_40
image_20240313093745,11,occupied,original_40
image_20240313093745,12,occupied,original_40
image_20240313093745,13,occupied,original_40
image_20240313093745,14,occupied,original_40
image_20240313093745,15,occupied,original_40
image_20240313093745,16,occupied,original_40
image_20240313093745,17,occupied,original_40
image_20240313093745,18,occupied,original_40
image_20240313093745,19,occupied,original_40
image_20240313093745,20,occupied,original_40
image_20240313093745,21,occupied,original_40
image_20240313093745,22,occupied,original_40
image_20240313093745,23,occupied,original_40
image_20240313093745,24,occupied,original_40
image_20240313093745,25,occupied,original_40
image_20240313093745,26,occupied,original_40
image_20240313093745,27,occupied,original_40
image_20240313093745,28,occupied,original_40
image_20240313093745,29,empty,original_40
image_20240313093745,30,occupied,original_40
image_20240313093745,31,occupied,original_40
image_20240313093745,32,occupied,original_40
image_20240313093745,33,occupied,original_40
image_20240313093745,34,occupied,original_40
image_20240313093745,35,occupied,original_40
image_20240313093745,36,occupied,original_40
image_20240313093745,37,occupied,original_40
image_20240313093745,38,empty,original_40
image_20240313093745,39,occupied,original_40
image_20240313093745,40,empty,original_40
image_20240313093745,41,empty,original_40
image_20240313093745,42,empty,original_40
image_20240313093745,43,empty,original_40
image_20240313093745,44,empty,original_40
image_20240313093745,45,empty,original_40
image_20240313093745,46,empty,original_40
image_20240313093745,47,empty,original_40
image_20240313093745,48,empty,original_40
image_20240313093745,49,empty,original_40
image_20240313093745,50,empty,original_40
image_20240313093745,51,empty,original_40
image_20240313093745,52,empty,original_40
image_20240313093745,53,empty,original_40
image_20240313093745,54,empty,original_40
image_20240313093745,55,empty,original_40
image_20240313093745,56,empty,original_40
image_20240313093745,57,empty,original_40
image_20240313093745,58,empty,original_40
image_20240313093745,59,empty,original_40
image_20240313093745,60,occupied,original_40
image_20240313093745,61,empty,original_40
image_20240313093745,62,empty,original_40
image_20240313093745,63,empty,original_40
image_20240313093745,64,empty,original_40
image_20240313093745,65,empty,original_40
image_20240313093745,66,occupied,original_40
image_20240313093745,67,empty,original_40
image_20240313093745,68,occupied,original_40
image_20240313093745,69,empty,original_40
image_20240313093745,70,occupied,original_40
image_20240313093745,71,occupied,original_40
image_20240313093745,72,empty,original_40
image_20240313093745,73,occupied,original_40
image_20240313093745,74,occupied,original_40
image_20240313093745,75,occupied,original_40
image_20240313093745,76,occupied,original_40
image_20240313093745,77,occupied,original_40
image_20240313093745,78,occupied,original_40
image_20240313093745,79,occupied,original_40
image_20240313093745,80,empty,original_40
image_20240313093745,81,empty,original_40
image_20240313093745,82,empty,original_40
image_20240313061639,1,empty,original_40
image_20240313061639,2,empty,original_40
image_20240313061639,3,empty,original_40
image_20240313061639,4,empty,original_40
image_20240313061639,5,empty,original_40
image_20240313061639,6,empty,original_40
image_20240313061639,7,empty,original_40
image_20240313061639,8,empty,original_40
image_20240313061639,9,empty,original_40
image_20240313061639,10,empty,original_40
image_20240313061639,11,empty,original_40
image_20240313061639,12,empty,original_40
image_20240313061639,13,empty,original_40
image_20240313061639,14,empty,original_40
image_20240313061639,15,empty,original_40
image_20240313061639,16,empty,original_40
image_20240313061639,17,empty,original_40
image_20240313061639,18,empty,original_40
image_20240313061639,19,empty,original_40
image_20240313061639,20,empty,original_40
image_20240313061639,21,empty,original_40
image_20240313061639,22,empty,original_40
image_20240313061639,23,empty,original_40
image_20240313061639,24,empty,original_40
image_20240313061639,25,empty,original_40
image_20240313061639,26,empty,original_40
image_20240313061639,27,empty,original_40
image_20240313061639,28,empty,original_40
image_20240313061639,29,empty,original_40
image_20240313061639,30,empty,original_40
image_20240313061639,31,empty,original_40
image_20240313061639,32,empty,original_40
image_20240313061639,33,empty,original_40
image_20240313061639,34,empty,original_40
image_20240313061639,35,empty,original_40
image_20240313061639,36,empty,original_40
image_20240313061639,37,empty,original_40
image_20240313061639,38,empty,original_40
image_20240313061639,39,empty,original_40
image_20240313061639,40,empty,original_40
image_20240313061639,41,empty,original_40
image_20240313061639,42,empty,original_40
image_20240313061639,43,empty,original_40
image_20240313061639,44,empty,original_40
image_20240313061639,45,empty,original_40
image_20240313061639,46,empty,original_40
image_20240313061639,47,empty,original_40
image_20240313061639,48,empty,original_40
image_20240313061639,49,empty,original_40
image_20240313061639,50,empty,original_40
image_20240313061639,51,empty,original_40
image_20240313061639,52,empty,original_40
image_20240313061639,53,empty,original_40
image_20240313061639,54,empty,original_40
image_20240313061639,55,empty,original_40
image_20240313061639,56,empty,original_40
image_20240313061639,57,empty,original_40
image_20240313061639,58,empty,original_40
image_20240313061639,59,empty,original_40
image_20240313061639,60,occupied,original_40
image_20240313061639,61,empty,original_40
image_20240313061639,62,empty,original_40
image_20240313061639,63,empty,original_40
image_20240313061639,64,empty,original_40
image_20240313061639,65,empty,original_40
image_20240313061639,66,empty,original_40
image_20240313061639,67,empty,original_40
image_20240313061639,68,empty,original_40
image_20240313061639,69,empty,original_40
image_20240313061639,70,empty,original_40
image_20240313061639,71,empty,original_40
image_20240313061639,72,empty,original_40
image_20240313061639,73,empty,original_40
image_20240313061639,74,empty,original_40
image_20240313061639,75,empty,original_40
image_20240313061639,76,empty,original_40
image_20240313061639,77,empty,original_40
image_20240313061639,78,occupied,original_40
image_20240313061639,79,empty,original_40
image_20240313061639,80,empty,original_40
image_20240313061639,81,empty,original_40
image_20240313061639,82,empty,original_40
image_20240309092345,1,empty,original_40
image_20240309092345,2,empty,original_40
image_20240309092345,3,empty,original_40
image_20240309092345,4,empty,original_40
image_20240309092345,5,empty,original_40
image_20240309092345,6,empty,original_40
image_20240309092345,7,empty,original_40
image_20240309092345,8,empty,original_40
image_20240309092345,9,empty,original_40
image_20240309092345,10,empty,original_40
image_20240309092345,11,empty,original_40
image_20240309092345,12,occupied,original_40
image_20240309092345,13,empty,original_40
image_20240309092345,14,empty,original_40
image_20240309092345,15,empty,original_40
image_20240309092345,16,empty,original_40
image_20240309092345,17,empty,original_40
image_20240309092345,18,empty,original_40
image_20240309092345,19,empty,original_40
image_20240309092345,20,empty,original_40
image_20240309092345,21,empty,original_40
image_20240309092345,22,empty,original_40
image_20240309092345,23,empty,original_40
image_20240309092345,24,empty,original_40
image_20240309092345,25,empty,original_40
image_20240309092345,26,empty,original_40
image_20240309092345,27,empty,original_40
image_20240309092345,28,empty,original_40
image_20240309092345,29,empty,original_40
image_20240309092345,30,occupied,original_40
image_20240309092345,31,empty,original_40
image_20240309092345,32,empty,original_40
image_20240309092345,33,empty,original_40
image_20240309092345,34,occupied,original_40
image_20240309092345,35,empty,original_40
image_20240309092345,36,empty,original_40
image_20240309092345,37,empty,original_40
image_20240309092345,38,empty,original_40
image_20240309092345,39,empty,original_40
image_20240309092345,40,empty,original_40
image_20240309092345,41,empty,original_40
image_20240309092345,42,empty,original_40
image_20240309092345,43,empty,original_40
image_20240309092345,44,empty,original_40
image_20240309092345,45,empty,original_40
image_20240309092345,46,empty,original_40
image_20240309092345,47,empty,original_40
image_20240309092345,48,empty,original_40
image_20240309092345,49,empty,original_40
image_20240309092345,50,empty,original_40
image_20240309092345,51,empty,original_40
image_20240309092345,52,empty,original_40
image_20240309092345,53,empty,original_40
image_20240309092345,54,empty,original_40
image_20240309092345,55,empty,original_40
image_20240309092345,56,empty,original_40
image_20240309092345,57,empty,original_40
image_20240309092345,58,empty,original_40
image_20240309092345,59,empty,original_40
image_20240309092345,60,occupied,original_40
image_20240309092345,61,empty,original_40
image_20240309092345,62,empty,original_40
image_20240309092345,63,empty,original_40
image_20240309092345,64,empty,original_40
image_20240309092345,65,empty,original_40
image_20240309092345,66,empty,original_40
image_20240309092345,67,empty,original_40
image_20240309092345,68,empty,original_40
image_20240309092345,69,empty,original_40
image_20240309092345,70,empty,original_40
image_20240309092345,71,empty,original_40
image_20240309092345,72,empty,original_40
image_20240309092345,73,empty,original_40
image_20240309092345,74,empty,original_40
image_20240309092345,75,empty,original_40
image_20240309092345,76,empty,original_40
image_20240309092345,77,empty,original_40
image_20240309092345,78,empty,original_40
image_20240309092345,79,empty,original_40
image_20240309092345,80,empty,original_40
image_20240309092345,81,empty,original_40
image_20240309092345,82,empty,original_40
image_20231230132102,1,empty,original_40
image_20231230132102,2,empty,original_40
image_20231230132102,3,empty,original_40
image_20231230132102,4,empty,original_40
image_20231230132102,5,empty,original_40
image_20231230132102,6,empty,original_40
image_20231230132102,7,empty,original_40
image_20231230132102,8,empty,original_40
image_20231230132102,9,empty,original_40
image_20231230132102,10,empty,original_40
image_20231230132102,11,empty,original_40
image_20231230132102,12,empty,original_40
image_20231230132102,13,empty,original_40
image_20231230132102,14,empty,original_40
image_20231230132102,15,empty,original_40
image_20231230132102,16,empty,original_40
image_20231230132102,17,empty,original_40
image_20231230132102,18,empty,original_40
image_20231230132102,19,empty,original_40
image_20231230132102,20,empty,original_40
image_20231230132102,21,empty,original_40
image_20231230132102,22,empty,original_40
image_20231230132102,23,empty,original_40
image_20231230132102,24,empty,original_40
image_20231230132102,25,empty,original_40
image_20231230132102,26,empty,original_40
image_20231230132102,27,empty,original_40
image_20231230132102,28,empty,original_40
image_20231230132102,29,empty,original_40
image_20231230132102,30,empty,original_40
image_20231230132102,31,empty,original_40
image_20231230132102,32,occupied,original_40
image_20231230132102,33,empty,original_40
image_20231230132102,34,occupied,original_40
image_20231230132102,35,empty,original_40
image_20231230132102,36,empty,original_40
image_20231230132102,37,empty,original_40
image_20231230132102,38,empty,original_40
image_20231230132102,39,empty,original_40
image_20231230132102,40,empty,original_40
image_20231230132102,41,empty,original_40
image_20231230132102,42,empty,original_40
image_20231230132102,43,empty,original_40
image_20231230132102,44,empty,original_40
image_20231230132102,45,empty,original_40
image_20231230132102,46,empty,original_40
image_20231230132102,47,empty,original_40
image_20231230132102,48,empty,original_40
image_20231230132102,49,empty,original_40
image_20231230132102,50,empty,original_40
image_20231230132102,51,empty,original_40
image_20231230132102,52,empty,original_40
image_20231230132102,53,empty,original_40
image_20231230132102,54,empty,original_40
image_20231230132102,55,empty,original_40
image_20231230132102,56,empty,original_40
image_20231230132102,57,empty,original_40
image_20231230132102,58,empty,original_40
image_20231230132102,59,empty,original_40
image_20231230132102,60,empty,original_40
image_20231230132102,61,empty,original_40
image_20231230132102,62,empty,original_40
image_20231230132102,63,empty,original_40
image_20231230132102,64,empty,original_40
image_20231230132102,65,empty,original_40
image_20231230132102,66,empty,original_40
image_20231230132102,67,empty,original_40
image_20231230132102,68,empty,original_40
image_20231230132102,69,empty,original_40
image_20231230132102,70,empty,original_40
image_20231230132102,71,empty,original_40
image_20231230132102,72,empty,original_40
image_20231230132102,73,empty,original_40
image_20231230132102,74,empty,original_40
image_20231230132102,75,empty,original_40
image_20231230132102,76,occupied,original_40
image_20231230132102,77,empty,original_40
image_20231230132102,78,empty,original_40
image_20231230132102,79,empty,original_40
image_20231230132102,80,empty,original_40
image_20231230132102,81,empty,original_40
image_20231230132102,82,empty,original_40
image_20240110091844,1,empty,original_40
image_20240110091844,2,empty,original_40
image_20240110091844,3,empty,original_40
image_20240110091844,4,empty,original_40
image_20240110091844,5,occupied,original_40
image_20240110091844,6,empty,original_40
image_20240110091844,7,empty,original_40
image_20240110091844,8,empty,original_40
image_20240110091844,9,empty,original_40
image_20240110091844,10,empty,original_40
image_20240110091844,11,empty,original_40
image_20240110091844,12,occupied,original_40
image_20240110091844,13,occupied,original_40
image_20240110091844,14,occupied,original_40
image_20240110091844,15,occupied,original_40
image_20240110091844,16,occupied,original_40
image_20240110091844,17,occupied,original_40
image_20240110091844,18,occupied,original_40
image_20240110091844,19,occupied,original_40
image_20240110091844,20,occupied,original_40
image_20240110091844,21,empty,original_40
image_20240110091844,22,empty,original_40
image_20240110091844,23,empty,original_40
image_20240110091844,24,empty,original_40
image_20240110091844,25,empty,original_40
image_20240110091844,26,empty,original_40
image_20240110091844,27,empty,original_40
image_20240110091844,28,empty,original_40
image_20240110091844,29,empty,original_40
image_20240110091844,30,occupied,original_40
image_20240110091844,31,occupied,original_40
image_20240110091844,32,occupied,original_40
image_20240110091844,33,occupied,original_40
image_20240110091844,34,occupied,original_40
image_20240110091844,35,occupied,original_40
image_20240110091844,36,occupied,original_40
image_20240110091844,37,occupied,original_40
image_20240110091844,38,empty,original_40
image_20240110091844,39,empty,original_40
image_20240110091844,40,empty,original_40
image_20240110091844,41,empty,original_40
image_20240110091844,42,empty,original_40
image_20240110091844,43,empty,original_40
image_20240110091844,44,empty,original_40
image_20240110091844,45,empty,original_40
image_20240110091844,46,empty,original_40
image_20240110091844,47,empty,original_40
image_20240110091844,48,empty,original_40
image_20240110091844,49,empty,original_40
image_20240110091844,50,empty,original_40
image_20240110091844,51,empty,original_40
image_20240110091844,52,empty,original_40
image_20240110091844,53,empty,original_40
image_20240110091844,54,empty,original_40
image_20240110091844,55,empty,original_40
image_20240110091844,56,empty,original_40
image_20240110091844,57,empty,original_40
image_20240110091844,58,empty,original_40
image_20240110091844,59,empty,original_40
image_20240110091844,60,empty,original_40
image_20240110091844,61,empty,original_40
image_20240110091844,62,empty,original_40
image_20240110091844,63,empty,original_40
image_20240110091844,64,empty,original_40
image_20240110091844,65,empty,original_40
image_20240110091844,66,empty,original_40
image_20240110091844,67,empty,original_40
image_20240110091844,68,empty,original_40
image_20240110091844,69,empty,original_40
image_20240110091844,70,empty,original_40
image_20240110091844,71,occupied,original_40
image_20240110091844,72,occupied,original_40
image_20240110091844,73,occupied,original_40
image_20240110091844,74,occupied,original_40
image_20240110091844,75,occupied,original_40
image_20240110091844,76,occupied,original_40
image_20240110091844,77,occupied,original_40
image_20240110091844,78,occupied,original_40
image_20240110091844,79,occupied,original_40
image_20240110091844,80,empty,original_40
image_20240110091844,81,empty,original_40
image_20240110091844,82,empty,original_40
image_20240225100851,1,empty,original_40
image_20240225100851,2,empty,original_40
image_20240225100851,3,occupied,original_40
image_20240225100851,4,empty,original_40
image_20240225100851,5,empty,original_40
image_20240225100851,6,empty,original_40
image_20240225100851,7,empty,original_40
image_20240225100851,8,empty,original_40
image_20240225100851,9,empty,original_40
image_20240225100851,10,empty,original_40
image_20240225100851,11,empty,original_40
image_20240225100851,12,empty,original_40
image_20240225100851,13,empty,original_40
image_20240225100851,14,occupied,original_40
image_20240225100851,15,empty,original_40
image_20240225100851,16,empty,original_40
image_20240225100851,17,occupied,original_40
image_20240225100851,18,occupied,original_40
image_20240225100851,19,empty,original_40
image_20240225100851,20,empty,original_40
image_20240225100851,21,empty,original_40
image_20240225100851,22,empty,original_40
image_20240225100851,23,empty,original_40
image_20240225100851,24,empty,original_40
image_20240225100851,25,empty,original_40
image_20240225100851,26,empty,original_40
image_20240225100851,27,empty,original_40
image_20240225100851,28,empty,original_40
image_20240225100851,29,empty,original_40
image_20240225100851,30,empty,original_40
image_20240225100851,31,occupied,original_40
image_20240225100851,32,empty,original_40
image_20240225100851,33,empty,original_40
image_20240225100851,34,empty,original_40
image_20240225100851,35,occupied,original_40
image_20240225100851,36,empty,original_40
image_20240225100851,37,empty,original_40
image_20240225100851,38,empty,original_40
image_20240225100851,39,empty,original_40
image_20240225100851,40,empty,original_40
image_20240225100851,41,empty,original_40
image_20240225100851,42,empty,original_40
image_20240225100851,43,empty,original_40
image_20240225100851,44,empty,original_40
image_20240225100851,45,empty,original_40
image_20240225100851,46,empty,original_40
image_20240225100851,47,empty,original_40
image_20240225100851,48,empty,original_40
image_20240225100851,49,empty,original_40
image_20240225100851,50,empty,original_40
image_20240225100851,51,empty,original_40
image_20240225100851,52,empty,original_40
image_20240225100851,53,empty,original_40
image_20240225100851,54,empty,original_40
image_20240225100851,55,empty,original_40
image_20240225100851,56,empty,original_40
image_20240225100851,57,empty,original_40
image_20240225100851,58,empty,original_40
image_20240225100851,59,empty,original_40
image_20240225100851,60,empty,original_40
image_20240225100851,61,empty,original_40
image_20240225100851,62,empty,original_40
image_20240225100851,63,empty,original_40
image_20240225100851,64,empty,original_40
image_20240225100851,65,empty,original_40
image_20240225100851,66,empty,original_40
image_20240225100851,67,empty,original_40
image_20240225100851,68,empty,original_40
image_20240225100851,69,empty,original_40
image_20240225100851,70,empty,original_40
image_20240225100851,71,empty,original_40
image_20240225100851,72,occupied,original_40
image_20240225100851,73,occupied,original_40
image_20240225100851,74,occupied,original_40
image_20240225100851,75,empty,original_40
image_20240225100851,76,occupied,original_40
image_20240225100851,77,occupied,original_40
image_20240225100851,78,empty,original_40
image_20240225100851,79,empty,original_40
image_20240225100851,80,empty,original_40
image_20240225100851,81,empty,original_40
image_20240225100851,82,empty,original_40
image_20240225123941,1,empty,original_40
image_20240225123941,2,empty,original_40
image_20240225123941,3,occupied,original_40
image_20240225123941,4,empty,original_40
image_20240225123941,5,empty,original_40
image_20240225123941,6,empty,original_40
image_20240225123941,7,empty,original_40
image_20240225123941,8,empty,original_40
image_20240225123941,9,empty,original_40
image_20240225123941,10,empty,original_40
image_20240225123941,11,empty,original_40
image_20240225123941,12,empty,original_40
image_20240225123941,13,empty,original_40
image_20240225123941,14,occupied,original_40
image_20240225123941,15,empty,original_40
image_20240225123941,16,empty,original_40
image_20240225123941,17,occupied,original_40
image_20240225123941,18,occupied,original_40
image_20240225123941,19,empty,original_40
image_20240225123941,20,empty,original_40
image_20240225123941,21,empty,original_40
image_20240225123941,22,empty,original_40
image_20240225123941,23,empty,original_40
image_20240225123941,24,empty,original_40
image_20240225123941,25,empty,original_40
image_20240225123941,26,empty,original_40
image_20240225123941,27,empty,original_40
image_20240225123941,28,empty,original_40
image_20240225123941,29,empty,original_40
image_20240225123941,30,empty,original_40
image_20240225123941,31,occupied,original_40
image_20240225123941,32,empty,original_40
image_20240225123941,33,occupied,original_40
image_20240225123941,34,empty,original_40
image_20240225123941,35,empty,original_40
image_20240225123941,36,empty,original_40
image_20240225123941,37,empty,original_40
image_20240225123941,38,empty,original_40
image_20240225123941,39,empty,original_40
image_20240225123941,40,empty,original_40
image_20240225123941,41,empty,original_40
image_20240225123941,42,empty,original_40
image_20240225123941,43,empty,original_40
image_20240225123941,44,empty,original_40
image_20240225123941,45,empty,original_40
image_20240225123941,46,empty,original_40
image_20240225123941,47,empty,original_40
image_20240225123941,48,empty,original_40
image_20240225123941,49,empty,original_40
image_20240225123941,50,empty,original_40
image_20240225123941,51,empty,original_40
image_20240225123941,52,empty,original_40
image_20240225123941,53,empty,original_40
image_20240225123941,54,empty,original_40
image_20240225123941,55,empty,original_40
image_20240225123941,56,empty,original_40
image_20240225123941,57,empty,original_40
image_20240225123941,58,empty,original_40
image_20240225123941,59,empty,original_40
image_20240225123941,60,empty,original_40
image_20240225123941,61,occupied,original_40
image_20240225123941,62,empty,original_40
image_20240225123941,63,empty,original_40
image_20240225123941,64,empty,original_40
image_20240225123941,65,empty,original_40
image_20240225123941,66,empty,original_40
image_20240225123941,67,empty,original_40
image_20240225123941,68,empty,original_40
image_20240225123941,69,empty,original_40
image_20240225123941,70,empty,original_40
image_20240225123941,71,empty,original_40
image_20240225123941,72,empty,original_40
image_20240225123941,73,occupied,original_40
image_20240225123941,74,occupied,original_40
image_20240225123941,75,empty,original_40
image_20240225123941,76,occupied,original_40
image_20240225123941,77,occupied,original_40
image_20240225123941,78,empty,original_40
image_20240225123941,79,empty,original_40
image_20240225123941,80,empty,original_40
image_20240225123941,81,empty,original_40
image_20240225123941,82,empty,original_40
image_20240210091547,1,empty,original_40
image_20240210091547,2,empty,original_40
image_20240210091547,3,empty,original_40
image_20240210091547,4,empty,original_40
image_20240210091547,5,empty,original_40
image_20240210091547,6,empty,original_40
image_20240210091547,7,empty,original_40
image_20240210091547,8,empty,original_40
image_20240210091547,9,empty,original_40
image_20240210091547,10,empty,original_40
image_20240210091547,11,empty,original_40
image_20240210091547,12,empty,original_40
image_20240210091547,13,empty,original_40
image_20240210091547,14,empty,original_40
image_20240210091547,15,empty,original_40
image_20240210091547,16,empty,original_40
image_20240210091547,17,empty,original_40
image_20240210091547,18,empty,original_40
image_20240210091547,19,empty,original_40
image_20240210091547,20,empty,original_40
image_20240210091547,21,empty,original_40
image_20240210091547,22,empty,original_40
image_20240210091547,23,empty,original_40
image_20240210091547,24,empty,original_40
image_20240210091547,25,empty,original_40
image_20240210091547,26,empty,original_40
image_20240210091547,27,empty,original_40
image_20240210091547,28,empty,original_40
image_20240210091547,29,empty,original_40
image_20240210091547,30,empty,original_40
image_20240210091547,31,empty,original_40
image_20240210091547,32,empty,original_40
image_20240210091547,33,empty,original_40
image_20240210091547,34,empty,original_40
image_20240210091547,35,empty,original_40
image_20240210091547,36,empty,original_40
image_20240210091547,37,empty,original_40
image_20240210091547,38,empty,original_40
image_20240210091547,39,empty,original_40
image_20240210091547,40,empty,original_40
image_20240210091547,41,empty,original_40
image_20240210091547,42,empty,original_40
image_20240210091547,43,empty,original_40
image_20240210091547,44,empty,original_40
image_20240210091547,45,empty,original_40
image_20240210091547,46,empty,original_40
image_20240210091547,47,empty,original_40
image_20240210091547,48,empty,original_40
image_20240210091547,49,empty,original_40
image_20240210091547,50,empty,original_40
image_20240210091547,51,empty,original_40
image_20240210091547,52,empty,original_40
image_20240210091547,53,empty,original_40
image_20240210091547,54,empty,original_40
image_20240210091547,55,empty,original_40
image_20240210091547,56,empty,original_40
image_20240210091547,57,empty,original_40
image_20240210091547,58,empty,original_40
image_20240210091547,59,empty,original_40
image_20240210091547,60,empty,original_40
image_20240210091547,61,empty,original_40
image_20240210091547,62,empty,original_40
image_20240210091547,63,empty,original_40
image_20240210091547,64,empty,original_40
image_20240210091547,65,empty,original_40
image_20240210091547,66,empty,original_40
image_20240210091547,67,empty,original_40
image_20240210091547,68,empty,original_40
image_20240210091547,69,empty,original_40
image_20240210091547,70,occupied,original_40
image_20240210091547,71,empty,original_40
image_20240210091547,72,empty,original_40
image_20240210091547,73,occupied,original_40
image_20240210091547,74,empty,original_40
image_20240210091547,75,occupied,original_40
image_20240210091547,76,empty,original_40
image_20240210091547,77,empty,original_40
image_20240210091547,78,occupied,original_40
image_20240210091547,79,empty,original_40
image_20240210091547,80,empty,original_40
image_20240210091547,81,empty,original_40
image_20240210091547,82,empty,original_40
image_20231212083525,1,empty,original_40
image_20231212083525,2,empty,original_40
image_20231212083525,3,empty,original_40
image_20231212083525,4,empty,original_40
image_20231212083525,5,empty,original_40
image_20231212083525,6,empty,original_40
image_20231212083525,7,empty,original_40
image_20231212083525,8,empty,original_40
image_20231212083525,9,empty,original_40
image_20231212083525,10,empty,original_40
image_20231212083525,11,occupied,original_40
image_20231212083525,12,occupied,original_40
image_20231212083525,13,occupied,original_40
image_20231212083525,14,occupied,original_40
image_20231212083525,15,occupied,original_40
image_20231212083525,16,occupied,original_40
image_20231212083525,17,occupied,original_40
image_20231212083525,18,occupied,original_40
image_20231212083525,19,occupied,original_40
image_20231212083525,20,empty,original_40
image_20231212083525,21,empty,original_40
image_20231212083525,22,empty,original_40
image_20231212083525,23,empty,original_40
image_20231212083525,24,empty,original_40
image_20231212083525,25,empty,original_40
image_20231212083525,26,empty,original_40
image_20231212083525,27,empty,original_40
image_20231212083525,28,empty,original_40
image_20231212083525,29,empty,original_40
image_20231212083525,30,occupied,original_40
image_20231212083525,31,occupied,original_40
image_20231212083525,32,occupied,original_40
image_20231212083525,33,occupied,original_40
image_20231212083525,34,empty,original_40
image_20231212083525,35,occupied,original_40
image_20231212083525,36,occupied,original_40
image_20231212083525,37,occupied,original_40
image_20231212083525,38,occupied,original_40
image_20231212083525,39,empty,original_40
image_20231212083525,40,empty,original_40
image_20231212083525,41,empty,original_40
image_20231212083525,42,empty,original_40
image_20231212083525,43,empty,original_40
image_20231212083525,44,empty,original_40
image_20231212083525,45,empty,original_40
image_20231212083525,46,empty,original_40
image_20231212083525,47,empty,original_40
image_20231212083525,48,empty,original_40
image_20231212083525,49,empty,original_40
image_20231212083525,50,empty,original_40
image_20231212083525,51,empty,original_40
image_20231212083525,52,empty,original_40
image_20231212083525,53,empty,original_40
image_20231212083525,54,empty,original_40
image_20231212083525,55,empty,original_40
image_20231212083525,56,empty,original_40
image_20231212083525,57,empty,original_40
image_20231212083525,58,empty,original_40
image_20231212083525,59,empty,original_40
image_20231212083525,60,empty,original_40
image_20231212083525,61,empty,original_40
image_20231212083525,62,empty,original_40
image_20231212083525,63,empty,original_40
image_20231212083525,64,empty,original_40
image_20231212083525,65,empty,original_40
image_20231212083525,66,empty,original_40
image_20231212083525,67,empty,original_40
image_20231212083525,68,empty,original_40
image_20231212083525,69,empty,original_40
image_20231212083525,70,empty,original_40
image_20231212083525,71,empty,original_40
image_20231212083525,72,empty,original_40
image_20231212083525,73,empty,original_40
image_20231212083525,74,occupied,original_40
image_20231212083525,75,empty,original_40
image_20231212083525,76,empty,original_40
image_20231212083525,77,occupied,original_40
image_20231212083525,78,occupied,original_40
image_20231212083525,79,occupied,original_40
image_20231212083525,80,empty,original_40
image_20231212083525,81,empty,original_40
image_20231212083525,82,empty,original_40
image_20240210082531,1,empty,original_40
image_20240210082531,2,empty,original_40
image_20240210082531,3,empty,original_40
image_20240210082531,4,empty,original_40
image_20240210082531,5,empty,original_40
image_20240210082531,6,empty,original_40
image_20240210082531,7,empty,original_40
image_20240210082531,8,empty,original_40
image_20240210082531,9,empty,original_40
image_20240210082531,10,empty,original_40
image_20240210082531,11,empty,original_40
image_20240210082531,12,empty,original_40
image_20240210082531,13,empty,original_40
image_20240210082531,14,empty,original_40
image_20240210082531,15,empty,original_40
image_20240210082531,16,empty,original_40
image_20240210082531,17,empty,original_40
image_20240210082531,18,empty,original_40
image_20240210082531,19,empty,original_40
image_20240210082531,20,empty,original_40
image_20240210082531,21,empty,original_40
image_20240210082531,22,empty,original_40
image_20240210082531,23,empty,original_40
image_20240210082531,24,empty,original_40
image_20240210082531,25,empty,original_40
image_20240210082531,26,empty,original_40
image_20240210082531,27,empty,original_40
image_20240210082531,28,empty,original_40
image_20240210082531,29,empty,original_40
image_20240210082531,30,empty,original_40
image_20240210082531,31,empty,original_40
image_20240210082531,32,empty,original_40
image_20240210082531,33,empty,original_40
image_20240210082531,34,empty,original_40
image_20240210082531,35,empty,original_40
image_20240210082531,36,empty,original_40
image_20240210082531,37,empty,original_40
image_20240210082531,38,empty,original_40
image_20240210082531,39,empty,original_40
image_20240210082531,40,empty,original_40
image_20240210082531,41,empty,original_40
image_20240210082531,42,empty,original_40
image_20240210082531,43,empty,original_40
image_20240210082531,44,empty,original_40
image_20240210082531,45,empty,original_40
image_20240210082531,46,empty,original_40
image_20240210082531,47,empty,original_40
image_20240210082531,48,empty,original_40
image_20240210082531,49,empty,original_40
image_20240210082531,50,empty,original_40
image_20240210082531,51,empty,original_40
image_20240210082531,52,empty,original_40
image_20240210082531,53,empty,original_40
image_20240210082531,54,empty,original_40
image_20240210082531,55,empty,original_40
image_20240210082531,56,empty,original_40
image_20240210082531,57,empty,original_40
image_20240210082531,58,empty,original_40
image_20240210082531,59,empty,original_40
image_20240210082531,60,empty,original_40
image_20240210082531,61,empty,original_40
image_20240210082531,62,empty,original_40
image_20240210082531,63,empty,original_40
image_20240210082531,64,empty,original_40
image_20240210082531,65,empty,original_40
image_20240210082531,66,empty,original_40
image_20240210082531,67,empty,original_40
image_20240210082531,68,empty,original_40
image_20240210082531,69,empty,original_40
image_20240210082531,70,occupied,original_40
image_20240210082531,71,empty,original_40
image_20240210082531,72,empty,original_40
image_20240210082531,73,empty,original_40
image_20240210082531,74,empty,original_40
image_20240210082531,75,occupied,original_40
image_20240210082531,76,empty,original_40
image_20240210082531,77,empty,original_40
image_20240210082531,78,occupied,original_40
image_20240210082531,79,empty,original_40
image_20240210082531,80,empty,original_40
image_20240210082531,81,empty,original_40
image_20240210082531,82,empty,original_40
image_20231230114030,1,empty,original_40
image_20231230114030,2,empty,original_40
image_20231230114030,3,empty,original_40
image_20231230114030,4,empty,original_40
image_20231230114030,5,empty,original_40
image_20231230114030,6,empty,original_40
image_20231230114030,7,empty,original_40
image_20231230114030,8,empty,original_40
image_20231230114030,9,empty,original_40
image_20231230114030,10,empty,original_40
image_20231230114030,11,empty,original_40
image_20231230114030,12,empty,original_40
image_20231230114030,13,empty,original_40
image_20231230114030,14,empty,original_40
image_20231230114030,15,empty,original_40
image_20231230114030,16,empty,original_40
image_20231230114030,17,empty,original_40
image_20231230114030,18,empty,original_40
image_20231230114030,19,empty,original_40
image_20231230114030,20,empty,original_40
image_20231230114030,21,empty,original_40
image_20231230114030,22,empty,original_40
image_20231230114030,23,empty,original_40
image_20231230114030,24,empty,original_40
image_20231230114030,25,empty,original_40
image_20231230114030,26,empty,original_40
image_20231230114030,27,empty,original_40
image_20231230114030,28,empty,original_40
image_20231230114030,29,empty,original_40
image_20231230114030,30,empty,original_40
image_20231230114030,31,empty,original_40
image_20231230114030,32,occupied,original_40
image_20231230114030,33,empty,original_40
image_20231230114030,34,occupied,original_40
image_20231230114030,35,empty,original_40
image_20231230114030,36,empty,original_40
image_20231230114030,37,empty,original_40
image_20231230114030,38,empty,original_40
image_20231230114030,39,empty,original_40
image_20231230114030,40,empty,original_40
image_20231230114030,41,empty,original_40
image_20231230114030,42,empty,original_40
image_20231230114030,43,empty,original_40
image_20231230114030,44,empty,original_40
image_20231230114030,45,empty,original_40
image_20231230114030,46,empty,original_40
image_20231230114030,47,empty,original_40
image_20231230114030,48,empty,original_40
image_20231230114030,49,empty,original_40
image_20231230114030,50,empty,original_40
image_20231230114030,51,empty,original_40
image_20231230114030,52,empty,original_40
image_20231230114030,53,empty,original_40
image_20231230114030,54,empty,original_40
image_20231230114030,55,empty,original_40
image_20231230114030,56,empty,original_40
image_20231230114030,57,empty,original_40
image_20231230114030,58,empty,original_40
image_20231230114030,59,empty,original_40
image_20231230114030,60,empty,original_40
image_20231230114030,61,empty,original_40
image_20231230114030,62,empty,original_40
image_20231230114030,63,empty,original_40
image_20231230114030,64,empty,original_40
image_20231230114030,65,empty,original_40
image_20231230114030,66,empty,original_40
image_20231230114030,67,empty,original_40
image_20231230114030,68,empty,original_40
image_20231230114030,69,empty,original_40
image_20231230114030,70,empty,original_40
image_20231230114030,71,empty,original_40
image_20231230114030,72,empty,original_40
image_20231230114030,73,empty,original_40
image_20231230114030,74,empty,original_40
image_20231230114030,75,empty,original_40
image_20231230114030,76,occupied,original_40
image_20231230114030,77,empty,original_40
image_20231230114030,78,empty,original_40
image_20231230114030,79,empty,original_40
image_20231230114030,80,empty,original_40
image_20231230114030,81,empty,original_40
image_20231230114030,82,empty,original_40
image_20240309090338,1,empty,original_40
image_20240309090338,2,empty,original_40
image_20240309090338,3,empty,original_40
image_20240309090338,4,empty,original_40
image_20240309090338,5,empty,original_40
image_20240309090338,6,empty,original_40
image_20240309090338,7,empty,original_40
image_20240309090338,8,empty,original_40
image_20240309090338,9,empty,original_40
image_20240309090338,10,empty,original_40
image_20240309090338,11,empty,original_40
image_20240309090338,12,occupied,original_40
image_20240309090338,13,empty,original_40
image_20240309090338,14,empty,original_40
image_20240309090338,15,empty,original_40
image_20240309090338,16,empty,original_40
image_20240309090338,17,empty,original_40
image_20240309090338,18,empty,original_40
image_20240309090338,19,empty,original_40
image_20240309090338,20,empty,original_40
image_20240309090338,21,empty,original_40
image_20240309090338,22,empty,original_40
image_20240309090338,23,empty,original_40
image_20240309090338,24,empty,original_40
image_20240309090338,25,empty,original_40
image_20240309090338,26,empty,original_40
image_20240309090338,27,empty,original_40
image_20240309090338,28,empty,original_40
image_20240309090338,29,empty,original_40
image_20240309090338,30,empty,original_40
image_20240309090338,31,empty,original_40
image_20240309090338,32,empty,original_40
image_20240309090338,33,empty,original_40
image_20240309090338,34,occupied,original_40
image_20240309090338,35,empty,original_40
image_20240309090338,36,empty,original_40
image_20240309090338,37,empty,original_40
image_20240309090338,38,empty,original_40
image_20240309090338,39,empty,original_40
image_20240309090338,40,empty,original_40
image_20240309090338,41,empty,original_40
image_20240309090338,42,empty,original_40
image_20240309090338,43,empty,original_40
image_20240309090338,44,empty,original_40
image_20240309090338,45,empty,original_40
image_20240309090338,46,empty,original_40
image_20240309090338,47,empty,original_40
image_20240309090338,48,empty,original_40
image_20240309090338,49,empty,original_40
image_20240309090338,50,empty,original_40
image_20240309090338,51,empty,original_40
image_20240309090338,52,empty,original_40
image_20240309090338,53,empty,original_40
image_20240309090338,54,empty,original_40
image_20240309090338,55,empty,original_40
image_20240309090338,56,empty,original_40
image_20240309090338,57,empty,original_40
image_20240309090338,58,empty,original_40
image_20240309090338,59,empty,original_40
image_20240309090338,60,occupied,original_40
image_20240309090338,61,empty,original_40
image_20240309090338,62,empty,original_40
image_20240309090338,63,empty,original_40
image_20240309090338,64,empty,original_40
image_20240309090338,65,empty,original_40
image_20240309090338,66,empty,original_40
image_20240309090338,67,empty,original_40
image_20240309090338,68,empty,original_40
image_20240309090338,69,empty,original_40
image_20240309090338,70,empty,original_40
image_20240309090338,71,empty,original_40
image_20240309090338,72,empty,original_40
image_20240309090338,73,empty,original_40
image_20240309090338,74,empty,original_40
image_20240309090338,75,empty,original_40
image_20240309090338,76,empty,original_40
image_20240309090338,77,empty,original_40
image_20240309090338,78,empty,original_40
image_20240309090338,79,empty,original_40
image_20240309090338,80,empty,original_40
image_20240309090338,81,empty,original_40
image_20240309090338,82,empty,original_40
image_20240228140034,1,empty,original_40
image_20240228140034,2,empty,original_40
image_20240228140034,3,occupied,original_40
image_20240228140034,4,empty,original_40
image_20240228140034,5,empty,original_40
image_20240228140034,6,empty,original_40
image_20240228140034,7,empty,original_40
image_20240228140034,8,occupied,original_40
image_20240228140034,9,occupied,original_40
image_20240228140034,10,occupied,original_40
image_20240228140034,11,occupied,original_40
image_20240228140034,12,occupied,original_40
image_20240228140034,13,occupied,original_40
image_20240228140034,14,occupied,original_40
image_20240228140034,15,occupied,original_40
image_20240228140034,16,occupied,original_40
image_20240228140034,17,occupied,original_40
image_20240228140034,18,empty,original_40
image_20240228140034,19,occupied,original_40
image_20240228140034,20,occupied,original_40
image_20240228140034,21,occupied,original_40
image_20240228140034,22,occupied,original_40
image_20240228140034,23,occupied,original_40
image_20240228140034,24,occupied,original_40
image_20240228140034,25,occupied,original_40
image_20240228140034,26,occupied,original_40
image_20240228140034,27,occupied,original_40
image_20240228140034,28,empty,original_40
image_20240228140034,29,empty,original_40
image_20240228140034,30,occupied,original_40
image_20240228140034,31,occupied,original_40
image_20240228140034,32,occupied,original_40
image_20240228140034,33,occupied,original_40
image_20240228140034,34,occupied,original_40
image_20240228140034,35,occupied,original_40
image_20240228140034,36,occupied,original_40
image_20240228140034,37,occupied,original_40
image_20240228140034,38,occupied,original_40
image_20240228140034,39,empty,original_40
image_20240228140034,40,occupied,original_40
image_20240228140034,41,occupied,original_40
image_20240228140034,42,occupied,original_40
image_20240228140034,43,occupied,original_40
image_20240228140034,44,occupied,original_40
image_20240228140034,45,occupied,original_40
image_20240228140034,46,occupied,original_40
image_20240228140034,47,empty,original_40
image_20240228140034,48,occupied,original_40
image_20240228140034,49,empty,original_40
image_20240228140034,50,empty,original_40
image_20240228140034,51,empty,original_40
image_20240228140034,52,empty,original_40
image_20240228140034,53,empty,original_40
image_20240228140034,54,empty,original_40
image_20240228140034,55,empty,original_40
image_20240228140034,56,empty,original_40
image_20240228140034,57,empty,original_40
image_20240228140034,58,empty,original_40
image_20240228140034,59,occupied,original_40
image_20240228140034,60,occupied,original_40
image_20240228140034,61,occupied,original_40
image_20240228140034,62,occupied,original_40
image_20240228140034,63,occupied,original_40
image_20240228140034,64,occupied,original_40
image_20240228140034,65,occupied,original_40
image_20240228140034,66,occupied,original_40
image_20240228140034,67,occupied,original_40
image_20240228140034,68,occupied,original_40
image_20240228140034,69,occupied,original_40
image_20240228140034,70,occupied,original_40
image_20240228140034,71,occupied,original_40
image_20240228140034,72,occupied,original_40
image_20240228140034,73,occupied,original_40
image_20240228140034,74,occupied,original_40
image_20240228140034,75,occupied,original_40
image_20240228140034,76,occupied,original_40
image_20240228140034,77,occupied,original_40
image_20240228140034,78,occupied,original_40
image_20240228140034,79,occupied,original_40
image_20240228140034,80,empty,original_40
image_20240228140034,81,empty,original_40
image_20240228140034,82,empty,original_40
image_20240211070834,1,empty,original_40
image_20240211070834,2,empty,original_40
image_20240211070834,3,empty,original_40
image_20240211070834,4,empty,original_40
image_20240211070834,5,empty,original_40
image_20240211070834,6,empty,original_40
image_20240211070834,7,empty,original_40
image_20240211070834,8,empty,original_40
image_20240211070834,9,empty,original_40
image_20240211070834,10,empty,original_40
image_20240211070834,11,empty,original_40
image_20240211070834,12,empty,original_40
image_20240211070834,13,empty,original_40
image_20240211070834,14,empty,original_40
image_20240211070834,15,empty,original_40
image_20240211070834,16,empty,original_40
image_20240211070834,17,empty,original_40
image_20240211070834,18,empty,original_40
image_20240211070834,19,empty,original_40
image_20240211070834,20,empty,original_40
image_20240211070834,21,empty,original_40
image_20240211070834,22,empty,original_40
image_20240211070834,23,empty,original_40
image_20240211070834,24,empty,original_40
image_20240211070834,25,empty,original_40
image_20240211070834,26,empty,original_40
image_20240211070834,27,empty,original_40
image_20240211070834,28,empty,original_40
image_20240211070834,29,empty,original_40
image_20240211070834,30,empty,original_40
image_20240211070834,31,empty,original_40
image_20240211070834,32,empty,original_40
image_20240211070834,33,empty,original_40
image_20240211070834,34,empty,original_40
image_20240211070834,35,empty,original_40
image_20240211070834,36,empty,original_40
image_20240211070834,37,empty,original_40
image_20240211070834,38,empty,original_40
image_20240211070834,39,empty,original_40
image_20240211070834,40,empty,original_40
image_20240211070834,41,empty,original_40
image_20240211070834,42,empty,original_40
image_20240211070834,43,empty,original_40
image_20240211070834,44,empty,original_40
image_20240211070834,45,empty,original_40
image_20240211070834,46,empty,original_40
image_20240211070834,47,empty,original_40
image_20240211070834,48,empty,original_40
image_20240211070834,49,empty,original_40
image_20240211070834,50,empty,original_40
image_20240211070834,51,empty,original_40
image_20240211070834,52,empty,original_40
image_20240211070834,53,empty,original_40
image_20240211070834,54,empty,original_40
image_20240211070834,55,empty,original_40
image_20240211070834,56,empty,original_40
image_20240211070834,57,empty,original_40
image_20240211070834,58,empty,original_40
image_20240211070834,59,empty,original_40
image_20240211070834,60,empty,original_40
image_20240211070834,61,empty,original_40
image_20240211070834,62,empty,original_40
image_20240211070834,63,empty,original_40
image_20240211070834,64,empty,original_40
image_20240211070834,65,empty,original_40
image_20240211070834,66,empty,original_40
image_20240211070834,67,empty,original_40
image_20240211070834,68,empty,original_40
image_20240211070834,69,empty,original_40
image_20240211070834,70,empty,original_40
image_20240211070834,71,empty,original_40
image_20240211070834,72,empty,original_40
image_20240211070834,73,empty,original_40
image_20240211070834,74,empty,original_40
image_20240211070834,75,occupied,original_40
image_20240211070834,76,empty,original_40
image_20240211070834,77,empty,original_40
image_20240211070834,78,empty,original_40
image_20240211070834,79,empty,original_40
image_20240211070834,80,empty,original_40
image_20240211070834,81,empty,original_40
image_20240211070834,82,empty,original_40
image_20240130152925,1,empty,original_40
image_20240130152925,2,occupied,original_40
image_20240130152925,3,empty,original_40
image_20240130152925,4,empty,original_40
image_20240130152925,5,occupied,original_40
image_20240130152925,6,occupied,original_40
image_20240130152925,7,occupied,original_40
image_20240130152925,8,occupied,original_40
image_20240130152925,9,empty,original_40
image_20240130152925,10,occupied,original_40
image_20240130152925,11,occupied,original_40
image_20240130152925,12,occupied,original_40
image_20240130152925,13,occupied,original_40
image_20240130152925,14,occupied,original_40
image_20240130152925,15,empty,original_40
image_20240130152925,16,occupied,original_40
image_20240130152925,17,occupied,original_40
image_20240130152925,18,occupied,original_40
image_20240130152925,19,empty,original_40
image_20240130152925,20,occupied,original_40
image_20240130152925,21,occupied,original_40
image_20240130152925,22,occupied,original_40
image_20240130152925,23,empty,original_40
image_20240130152925,24,occupied,original_40
image_20240130152925,25,empty,original_40
image_20240130152925,26,empty,original_40
image_20240130152925,27,occupied,original_40
image_20240130152925,28,occupied,original_40
image_20240130152925,29,empty,original_40
image_20240130152925,30,occupied,original_40
image_20240130152925,31,occupied,original_40
image_20240130152925,32,empty,original_40
image_20240130152925,33,occupied,original_40
image_20240130152925,34,occupied,original_40
image_20240130152925,35,occupied,original_40
image_20240130152925,36,occupied,original_40
image_20240130152925,37,occupied,original_40
image_20240130152925,38,occupied,original_40
image_20240130152925,39,occupied,original_40
image_20240130152925,40,occupied,original_40
image_20240130152925,41,occupied,original_40
image_20240130152925,42,occupied,original_40
image_20240130152925,43,occupied,original_40
image_20240130152925,44,occupied,original_40
image_20240130152925,45,occupied,original_40
image_20240130152925,46,occupied,original_40
image_20240130152925,47,occupied,original_40
image_20240130152925,48,occupied,original_40
image_20240130152925,49,occupied,original_40
image_20240130152925,50,occupied,original_40
image_20240130152925,51,occupied,original_40
image_20240130152925,52,empty,original_40
image_20240130152925,53,empty,original_40
image_20240130152925,54,empty,original_40
image_20240130152925,55,empty,original_40
image_20240130152925,56,empty,original_40
image_20240130152925,57,empty,original_40
image_20240130152925,58,empty,original_40
image_20240130152925,59,occupied,original_40
image_20240130152925,60,empty,original_40
image_20240130152925,61,occupied,original_40
image_20240130152925,62,occupied,original_40
image_20240130152925,63,occupied,original_40
image_20240130152925,64,empty,original_40
image_20240130152925,65,occupied,original_40
image_20240130152925,66,occupied,original_40
image_20240130152925,67,empty,original_40
image_20240130152925,68,occupied,original_40
image_20240130152925,69,occupied,original_40
image_20240130152925,70,occupied,original_40
image_20240130152925,71,occupied,original_40
image_20240130152925,72,occupied,original_40
image_20240130152925,73,occupied,original_40
image_20240130152925,74,occupied,original_40
image_20240130152925,75,occupied,original_40
image_20240130152925,76,occupied,original_40
image_20240130152925,77,occupied,original_40
image_20240130152925,78,occupied,original_40
image_20240130152925,79,occupied,original_40
image_20240130152925,80,empty,original_40
image_20240130152925,81,empty,original_40
image_20240130152925,82,empty,original_40
image_20231228134349,1,empty,original_40
image_20231228134349,2,empty,original_40
image_20231228134349,3,empty,original_40
image_20231228134349,4,empty,original_40
image_20231228134349,5,empty,original_40
image_20231228134349,6,empty,original_40
image_20231228134349,7,empty,original_40
image_20231228134349,8,empty,original_40
image_20231228134349,9,empty,original_40
image_20231228134349,10,occupied,original_40
image_20231228134349,11,occupied,original_40
image_20231228134349,12,occupied,original_40
image_20231228134349,13,occupied,original_40
image_20231228134349,14,occupied,original_40
image_20231228134349,15,occupied,original_40
image_20231228134349,16,occupied,original_40
image_20231228134349,17,occupied,original_40
image_20231228134349,18,occupied,original_40
image_20231228134349,19,occupied,original_40
image_20231228134349,20,occupied,original_40
image_20231228134349,21,occupied,original_40
image_20231228134349,22,empty,original_40
image_20231228134349,23,empty,original_40
image_20231228134349,24,empty,original_40
image_20231228134349,25,empty,original_40
image_20231228134349,26,empty,original_40
image_20231228134349,27,empty,original_40
image_20231228134349,28,empty,original_40
image_20231228134349,29,empty,original_40
image_20231228134349,30,occupied,original_40
image_20231228134349,31,occupied,original_40
image_20231228134349,32,occupied,original_40
image_20231228134349,33,occupied,original_40
image_20231228134349,34,occupied,original_40
image_20231228134349,35,occupied,original_40
image_20231228134349,36,occupied,original_40
image_20231228134349,37,occupied,original_40
image_20231228134349,38,occupied,original_40
image_20231228134349,39,occupied,original_40
image_20231228134349,40,empty,original_40
image_20231228134349,41,occupied,original_40
image_20231228134349,42,occupied,original_40
image_20231228134349,43,empty,original_40
image_20231228134349,44,occupied,original_40
image_20231228134349,45,empty,original_40
image_20231228134349,46,empty,original_40
image_20231228134349,47,empty,original_40
image_20231228134349,48,occupied,original_40
image_20231228134349,49,empty,original_40
image_20231228134349,50,empty,original_40
image_20231228134349,51,empty,original_40
image_20231228134349,52,empty,original_40
image_20231228134349,53,occupied,original_40
image_20231228134349,54,empty,original_40
image_20231228134349,55,empty,original_40
image_20231228134349,56,empty,original_40
image_20231228134349,57,empty,original_40
image_20231228134349,58,empty,original_40
image_20231228134349,59,empty,original_40
image_20231228134349,60,empty,original_40
image_20231228134349,61,empty,original_40
image_20231228134349,62,occupied,original_40
image_20231228134349,63,empty,original_40
image_20231228134349,64,occupied,original_40
image_20231228134349,65,empty,original_40
image_20231228134349,66,occupied,original_40
image_20231228134349,67,occupied,original_40
image_20231228134349,68,occupied,original_40
image_20231228134349,69,empty,original_40
image_20231228134349,70,occupied,original_40
image_20231228134349,71,occupied,original_40
image_20231228134349,72,occupied,original_40
image_20231228134349,73,occupied,original_40
image_20231228134349,74,occupied,original_40
image_20231228134349,75,occupied,original_40
image_20231228134349,76,empty,original_40
image_20231228134349,77,occupied,original_40
image_20231228134349,78,occupied,original_40
image_20231228134349,79,occupied,original_40
image_20231228134349,80,empty,original_40
image_20231228134349,81,empty,original_40
image_20231228134349,82,empty,original_40
image_20240123073210,1,empty,original_40
image_20240123073210,2,empty,original_40
image_20240123073210,3,empty,original_40
image_20240123073210,4,empty,original_40
image_20240123073210,5,empty,original_40
image_20240123073210,6,empty,original_40
image_20240123073210,7,empty,original_40
image_20240123073210,8,empty,original_40
image_20240123073210,9,empty,original_40
image_20240123073210,10,empty,original_40
image_20240123073210,11,empty,original_40
image_20240123073210,12,empty,original_40
image_20240123073210,13,empty,original_40
image_20240123073210,14,occupied,original_40
image_20240123073210,15,empty,original_40
image_20240123073210,16,empty,original_40
image_20240123073210,17,occupied,original_40
image_20240123073210,18,empty,original_40
image_20240123073210,19,empty,original_40
image_20240123073210,20,empty,original_40
image_20240123073210,21,empty,original_40
image_20240123073210,22,empty,original_40
image_20240123073210,23,empty,original_40
image_20240123073210,24,empty,original_40
image_20240123073210,25,empty,original_40
image_20240123073210,26,empty,original_40
image_20240123073210,27,empty,original_40
image_20240123073210,28,empty,original_40
image_20240123073210,29,empty,original_40
image_20240123073210,30,empty,original_40
image_20240123073210,31,empty,original_40
image_20240123073210,32,occupied,original_40
image_20240123073210,33,empty,original_40
image_20240123073210,34,empty,original_40
image_20240123073210,35,empty,original_40
image_20240123073210,36,empty,original_40
image_20240123073210,37,empty,original_40
image_20240123073210,38,empty,original_40
image_20240123073210,39,empty,original_40
image_20240123073210,40,empty,original_40
image_20240123073210,41,occupied,original_40
image_20240123073210,42,empty,original_40
image_20240123073210,43,empty,original_40
image_20240123073210,44,empty,original_40
image_20240123073210,45,empty,original_40
image_20240123073210,46,empty,original_40
image_20240123073210,47,empty,original_40
image_20240123073210,48,empty,original_40
image_20240123073210,49,occupied,original_40
image_20240123073210,50,empty,original_40
image_20240123073210,51,empty,original_40
image_20240123073210,52,empty,original_40
image_20240123073210,53,empty,original_40
image_20240123073210,54,empty,original_40
image_20240123073210,55,empty,original_40
image_20240123073210,56,empty,original_40
image_20240123073210,57,empty,original_40
image_20240123073210,58,empty,original_40
image_20240123073210,59,empty,original_40
image_20240123073210,60,empty,original_40
image_20240123073210,61,empty,original_40
image_20240123073210,62,empty,original_40
image_20240123073210,63,empty,original_40
image_20240123073210,64,empty,original_40
image_20240123073210,65,empty,original_40
image_20240123073210,66,empty,original_40
image_20240123073210,67,empty,original_40
image_20240123073210,68,empty,original_40
image_20240123073210,69,empty,original_40
image_20240123073210,70,empty,original_40
image_20240123073210,71,empty,original_40
image_20240123073210,72,empty,original_40
image_20240123073210,73,empty,original_40
image_20240123073210,74,empty,original_40
image_20240123073210,75,occupied,original_40
image_20240123073210,76,occupied,original_40
image_20240123073210,77,occupied,original_40
image_20240123073210,78,empty,original_40
image_20240123073210,79,empty,original_40
image_20240123073210,80,empty,original_40
image_20240123073210,81,empty,original_40
image_20240123073210,82,empty,original_40
image_20240130131842,1,empty,original_40
image_20240130131842,2,occupied,original_40
image_20240130131842,3,occupied,original_40
image_20240130131842,4,occupied,original_40
image_20240130131842,5,occupied,original_40
image_20240130131842,6,occupied,original_40
image_20240130131842,7,occupied,original_40
image_20240130131842,8,occupied,original_40
image_20240130131842,9,occupied,original_40
image_20240130131842,10,occupied,original_40
image_20240130131842,11,occupied,original_40
image_20240130131842,12,occupied,original_40
image_20240130131842,13,occupied,original_40
image_20240130131842,14,occupied,original_40
image_20240130131842,15,empty,original_40
image_20240130131842,16,occupied,original_40
image_20240130131842,17,occupied,original_40
image_20240130131842,18,occupied,original_40
image_20240130131842,19,occupied,original_40
image_20240130131842,20,occupied,original_40
image_20240130131842,21,occupied,original_40
image_20240130131842,22,occupied,original_40
image_20240130131842,23,occupied,original_40
image_20240130131842,24,occupied,original_40
image_20240130131842,25,empty,original_40
image_20240130131842,26,occupied,original_40
image_20240130131842,27,occupied,original_40
image_20240130131842,28,occupied,original_40
image_20240130131842,29,empty,original_40
image_20240130131842,30,occupied,original_40
image_20240130131842,31,occupied,original_40
image_20240130131842,32,empty,original_40
image_20240130131842,33,occupied,original_40
image_20240130131842,34,occupied,original_40
image_20240130131842,35,occupied,original_40
image_20240130131842,36,occupied,original_40
image_20240130131842,37,occupied,original_40
image_20240130131842,38,occupied,original_40
image_20240130131842,39,occupied,original_40
image_20240130131842,40,occupied,original_40
image_20240130131842,41,occupied,original_40
image_20240130131842,42,occupied,original_40
image_20240130131842,43,occupied,original_40
image_20240130131842,44,occupied,original_40
image_20240130131842,45,occupied,original_40
image_20240130131842,46,empty,original_40
image_20240130131842,47,occupied,original_40
image_20240130131842,48,occupied,original_40
image_20240130131842,49,empty,original_40
image_20240130131842,50,occupied,original_40
image_20240130131842,51,occupied,original_40
image_20240130131842,52,empty,original_40
image_20240130131842,53,empty,original_40
image_20240130131842,54,empty,original_40
image_20240130131842,55,empty,original_40
image_20240130131842,56,empty,original_40
image_20240130131842,57,empty,original_40
image_20240130131842,58,empty,original_40
image_20240130131842,59,occupied,original_40
image_20240130131842,60,occupied,original_40
image_20240130131842,61,occupied,original_40
image_20240130131842,62,occupied,original_40
image_20240130131842,63,occupied,original_40
image_20240130131842,64,empty,original_40
image_20240130131842,65,occupied,original_40
image_20240130131842,66,occupied,original_40
image_20240130131842,67,occupied,original_40
image_20240130131842,68,occupied,original_40
image_20240130131842,69,occupied,original_40
image_20240130131842,70,occupied,original_40
image_20240130131842,71,occupied,original_40
image_20240130131842,72,occupied,original_40
image_20240130131842,73,occupied,original_40
image_20240130131842,74,occupied,original_40
image_20240130131842,75,occupied,original_40
image_20240130131842,76,occupied,original_40
image_20240130131842,77,occupied,original_40
image_20240130131842,78,occupied,original_40
image_20240130131842,79,occupied,original_40
image_20240130131842,80,empty,original_40
image_20240130131842,81,empty,original_40
image_20240130131842,82,empty,original_40
image_20240228065814,1,empty,original_40
image_20240228065814,2,empty,original_40
image_20240228065814,3,empty,original_40
image_20240228065814,4,empty,original_40
image_20240228065814,5,empty,original_40
image_20240228065814,6,empty,original_40
image_20240228065814,7,empty,original_40
image_20240228065814,8,empty,original_40
image_20240228065814,9,empty,original_40
image_20240228065814,10,empty,original_40
image_20240228065814,11,empty,original_40
image_20240228065814,12,empty,original_40
image_20240228065814,13,empty,original_40
image_20240228065814,14,empty,original_40
image_20240228065814,15,empty,original_40
image_20240228065814,16,empty,original_40
image_20240228065814,17,empty,original_40
image_20240228065814,18,empty,original_40
image_20240228065814,19,empty,original_40
image_20240228065814,20,empty,original_40
image_20240228065814,21,empty,original_40
image_20240228065814,22,empty,original_40
image_20240228065814,23,empty,original_40
image_20240228065814,24,empty,original_40
image_20240228065814,25,empty,original_40
image_20240228065814,26,empty,original_40
image_20240228065814,27,empty,original_40
image_20240228065814,28,empty,original_40
image_20240228065814,29,empty,original_40
image_20240228065814,30,empty,original_40
image_20240228065814,31,empty,original_40
image_20240228065814,32,empty,original_40
image_20240228065814,33,empty,original_40
image_20240228065814,34,empty,original_40
image_20240228065814,35,empty,original_40
image_20240228065814,36,empty,original_40
image_20240228065814,37,empty,original_40
image_20240228065814,38,empty,original_40
image_20240228065814,39,empty,original_40
image_20240228065814,40,empty,original_40
image_20240228065814,41,empty,original_40
image_20240228065814,42,empty,original_40
image_20240228065814,43,empty,original_40
image_20240228065814,44,empty,original_40
image_20240228065814,45,empty,original_40
image_20240228065814,46,empty,original_40
image_20240228065814,47,empty,original_40
image_20240228065814,48,empty,original_40
image_20240228065814,49,empty,original_40
image_20240228065814,50,empty,original_40
image_20240228065814,51,empty,original_40
image_20240228065814,52,empty,original_40
image_20240228065814,53,empty,original_40
image_20240228065814,54,empty,original_40
image_20240228065814,55,empty,original_40
image_20240228065814,56,empty,original_40
image_20240228065814,57,empty,original_40
image_20240228065814,58,empty,original_40
image_20240228065814,59,empty,original_40
image_20240228065814,60,empty,original_40
image_20240228065814,61,empty,original_40
image_20240228065814,62,empty,original_40
image_20240228065814,63,occupied,original_40
image_20240228065814,64,empty,original_40
image_20240228065814,65,empty,original_40
image_20240228065814,66,empty,original_40
image_20240228065814,67,occupied,original_40
image_20240228065814,68,empty,original_40
image_20240228065814,69,empty,original_40
image_20240228065814,70,empty,original_40
image_20240228065814,71,empty,original_40
image_20240228065814,72,empty,original_40
image_20240228065814,73,empty,original_40
image_20240228065814,74,empty,original_40
image_20240228065814,75,empty,original_40
image_20240228065814,76,empty,original_40
image_20240228065814,77,occupied,original_40
image_20240228065814,78,occupied,original_40
image_20240228065814,79,empty,original_40
image_20240228065814,80,empty,original_40
image_20240228065814,81,empty,original_40
image_20240228065814,82,empty,original_40
image_20240123092246,1,empty,original_40
image_20240123092246,2,empty,original_40
image_20240123092246,3,empty,original_40
image_20240123092246,4,empty,original_40
image_20240123092246,5,empty,original_40
image_20240123092246,6,empty,original_40
image_20240123092246,7,empty,original_40
image_20240123092246,8,occupied,original_40
image_20240123092246,9,occupied,original_40
image_20240123092246,10,occupied,original_40
image_20240123092246,11,occupied,original_40
image_20240123092246,12,occupied,original_40
image_20240123092246,13,occupied,original_40
image_20240123092246,14,occupied,original_40
image_20240123092246,15,empty,original_40
image_20240123092246,16,occupied,original_40
image_20240123092246,17,occupied,original_40
image_20240123092246,18,occupied,original_40
image_20240123092246,19,occupied,original_40
image_20240123092246,20,occupied,original_40
image_20240123092246,21,occupied,original_40
image_20240123092246,22,empty,original_40
image_20240123092246,23,empty,original_40
image_20240123092246,24,empty,original_40
image_20240123092246,25,empty,original_40
image_20240123092246,26,empty,original_40
image_20240123092246,27,empty,original_40
image_20240123092246,28,empty,original_40
image_20240123092246,29,empty,original_40
image_20240123092246,30,occupied,original_40
image_20240123092246,31,occupied,original_40
image_20240123092246,32,occupied,original_40
image_20240123092246,33,occupied,original_40
image_20240123092246,34,occupied,original_40
image_20240123092246,35,occupied,original_40
image_20240123092246,36,occupied,original_40
image_20240123092246,37,empty,original_40
image_20240123092246,38,empty,original_40
image_20240123092246,39,empty,original_40
image_20240123092246,40,empty,original_40
image_20240123092246,41,occupied,original_40
image_20240123092246,42,empty,original_40
image_20240123092246,43,empty,original_40
image_20240123092246,44,empty,original_40
image_20240123092246,45,empty,original_40
image_20240123092246,46,occupied,original_40
image_20240123092246,47,empty,original_40
image_20240123092246,48,empty,original_40
image_20240123092246,49,occupied,original_40
image_20240123092246,50,empty,original_40
image_20240123092246,51,empty,original_40
image_20240123092246,52,empty,original_40
image_20240123092246,53,empty,original_40
image_20240123092246,54,empty,original_40
image_20240123092246,55,empty,original_40
image_20240123092246,56,empty,original_40
image_20240123092246,57,empty,original_40
image_20240123092246,58,empty,original_40
image_20240123092246,59,empty,original_40
image_20240123092246,60,empty,original_40
image_20240123092246,61,empty,original_40
image_20240123092246,62,empty,original_40
image_20240123092246,63,empty,original_40
image_20240123092246,64,empty,original_40
image_20240123092246,65,empty,original_40
image_20240123092246,66,empty,original_40
image_20240123092246,67,empty,original_40
image_20240123092246,68,empty,original_40
image_20240123092246,69,empty,original_40
image_20240123092246,70,occupied,original_40
image_20240123092246,71,occupied,original_40
image_20240123092246,72,occupied,original_40
image_20240123092246,73,occupied,original_40
image_20240123092246,74,occupied,original_40
image_20240123092246,75,occupied,original_40
image_20240123092246,76,occupied,original_40
image_20240123092246,77,occupied,original_40
image_20240123092246,78,occupied,original_40
image_20240123092246,79,occupied,original_40
image_20240123092246,80,empty,original_40
image_20240123092246,81,empty,original_40
image_20240123092246,82,empty,original_40
image_20240211154124,1,empty,original_40
image_20240211154124,2,empty,original_40
image_20240211154124,3,empty,original_40
image_20240211154124,4,empty,original_40
image_20240211154124,5,empty,original_40
image_20240211154124,6,empty,original_40
image_20240211154124,7,empty,original_40
image_20240211154124,8,empty,original_40
image_20240211154124,9,empty,original_40
image_20240211154124,10,empty,original_40
image_20240211154124,11,empty,original_40
image_20240211154124,12,empty,original_40
image_20240211154124,13,empty,original_40
image_20240211154124,14,empty,original_40
image_20240211154124,15,empty,original_40
image_20240211154124,16,empty,original_40
image_20240211154124,17,empty,original_40
image_20240211154124,18,empty,original_40
image_20240211154124,19,empty,original_40
image_20240211154124,20,empty,original_40
image_20240211154124,21,empty,original_40
image_20240211154124,22,empty,original_40
image_20240211154124,23,empty,original_40
image_20240211154124,24,empty,original_40
image_20240211154124,25,empty,original_40
image_20240211154124,26,empty,original_40
image_20240211154124,27,empty,original_40
image_20240211154124,28,empty,original_40
image_20240211154124,29,empty,original_40
image_20240211154124,30,empty,original_40
image_20240211154124,31,occupied,original_40
image_20240211154124,32,occupied,original_40
image_20240211154124,33,occupied,original_40
image_20240211154124,34,empty,original_40
image_20240211154124,35,occupied,original_40
image_20240211154124,36,empty,original_40
image_20240211154124,37,empty,original_40
image_20240211154124,38,empty,original_40
image_20240211154124,39,empty,original_40
image_20240211154124,40,empty,original_40
image_20240211154124,41,empty,original_40
image_20240211154124,42,empty,original_40
image_20240211154124,43,empty,original_40
image_20240211154124,44,empty,original_40
image_20240211154124,45,empty,original_40
image_20240211154124,46,empty,original_40
image_20240211154124,47,empty,original_40
image_20240211154124,48,empty,original_40
image_20240211154124,49,empty,original_40
image_20240211154124,50,empty,original_40
image_20240211154124,51,empty,original_40
image_20240211154124,52,empty,original_40
image_20240211154124,53,empty,original_40
image_20240211154124,54,empty,original_40
image_20240211154124,55,empty,original_40
image_20240211154124,56,empty,original_40
image_20240211154124,57,empty,original_40
image_20240211154124,58,empty,original_40
image_20240211154124,59,empty,original_40
image_20240211154124,60,empty,original_40
image_20240211154124,61,empty,original_40
image_20240211154124,62,empty,original_40
image_20240211154124,63,empty,original_40
image_20240211154124,64,empty,original_40
image_20240211154124,65,empty,original_40
image_20240211154124,66,empty,original_40
image_20240211154124,67,empty,original_40
image_20240211154124,68,empty,original_40
image_20240211154124,69,empty,original_40
image_20240211154124,70,empty,original_40
image_20240211154124,71,empty,original_40
image_20240211154124,72,empty,original_40
image_20240211154124,73,occupied,original_40
image_20240211154124,74,empty,original_40
image_20240211154124,75,occupied,original_40
image_20240211154124,76,empty,original_40
image_20240211154124,77,empty,original_40
image_20240211154124,78,empty,original_40
image_20240211154124,79,empty,original_40
image_20240211154124,80,empty,original_40
image_20240211154124,81,empty,original_40
image_20240211154124,82,empty,original_40
image_20231228144409,1,empty,original_40
image_20231228144409,2,empty,original_40
image_20231228144409,3,empty,original_40
image_20231228144409,4,empty,original_40
image_20231228144409,5,empty,original_40
image_20231228144409,6,empty,original_40
image_20231228144409,7,empty,original_40
image_20231228144409,8,empty,original_40
image_20231228144409,9,empty,original_40
image_20231228144409,10,empty,original_40
image_20231228144409,11,occupied,original_40
image_20231228144409,12,occupied,original_40
image_20231228144409,13,empty,original_40
image_20231228144409,14,occupied,original_40
image_20231228144409,15,occupied,original_40
image_20231228144409,16,occupied,original_40
image_20231228144409,17,occupied,original_40
image_20231228144409,18,occupied,original_40
image_20231228144409,19,occupied,original_40
image_20231228144409,20,occupied,original_40
image_20231228144409,21,occupied,original_40
image_20231228144409,22,empty,original_40
image_20231228144409,23,empty,original_40
image_20231228144409,24,empty,original_40
image_20231228144409,25,empty,original_40
image_20231228144409,26,empty,original_40
image_20231228144409,27,empty,original_40
image_20231228144409,28,empty,original_40
image_20231228144409,29,empty,original_40
image_20231228144409,30,occupied,original_40
image_20231228144409,31,occupied,original_40
image_20231228144409,32,occupied,original_40
image_20231228144409,33,occupied,original_40
image_20231228144409,34,occupied,original_40
image_20231228144409,35,occupied,original_40
image_20231228144409,36,occupied,original_40
image_20231228144409,37,occupied,original_40
image_20231228144409,38,occupied,original_40
image_20231228144409,39,occupied,original_40
image_20231228144409,40,empty,original_40
image_20231228144409,41,occupied,original_40
image_20231228144409,42,occupied,original_40
image_20231228144409,43,empty,original_40
image_20231228144409,44,occupied,original_40
image_20231228144409,45,occupied,original_40
image_20231228144409,46,empty,original_40
image_20231228144409,47,empty,original_40
image_20231228144409,48,occupied,original_40
image_20231228144409,49,empty,original_40
image_20231228144409,50,empty,original_40
image_20231228144409,51,empty,original_40
image_20231228144409,52,empty,original_40
image_20231228144409,53,occupied,original_40
image_20231228144409,54,empty,original_40
image_20231228144409,55,empty,original_40
image_20231228144409,56,empty,original_40
image_20231228144409,57,empty,original_40
image_20231228144409,58,empty,original_40
image_20231228144409,59,empty,original_40
image_20231228144409,60,empty,original_40
image_20231228144409,61,empty,original_40
image_20231228144409,62,occupied,original_40
image_20231228144409,63,empty,original_40
image_20231228144409,64,empty,original_40
image_20231228144409,65,empty,original_40
image_20231228144409,66,occupied,original_40
image_20231228144409,67,occupied,original_40
image_20231228144409,68,occupied,original_40
image_20231228144409,69,empty,original_40
image_20231228144409,70,occupied,original_40
image_20231228144409,71,occupied,original_40
image_20231228144409,72,occupied,original_40
image_20231228144409,73,occupied,original_40
image_20231228144409,74,occupied,original_40
image_20231228144409,75,occupied,original_40
image_20231228144409,76,occupied,original_40
image_20231228144409,77,occupied,original_40
image_20231228144409,78,occupied,original_40
image_20231228144409,79,occupied,original_40
image_20231228144409,80,empty,original_40
image_20231228144409,81,empty,original_40
image_20231228144409,82,empty,original_40
image_20240203151304,1,empty,original_40
image_20240203151304,2,empty,original_40
image_20240203151304,3,empty,original_40
image_20240203151304,4,empty,original_40
image_20240203151304,5,empty,original_40
image_20240203151304,6,empty,original_40
image_20240203151304,7,empty,original_40
image_20240203151304,8,empty,original_40
image_20240203151304,9,empty,original_40
image_20240203151304,10,empty,original_40
image_20240203151304,11,empty,original_40
image_20240203151304,12,empty,original_40
image_20240203151304,13,empty,original_40
image_20240203151304,14,empty,original_40
image_20240203151304,15,occupied,original_40
image_20240203151304,16,empty,original_40
image_20240203151304,17,occupied,original_40
image_20240203151304,18,empty,original_40
image_20240203151304,19,empty,original_40
image_20240203151304,20,empty,original_40
image_20240203151304,21,empty,original_40
image_20240203151304,22,empty,original_40
image_20240203151304,23,empty,original_40
image_20240203151304,24,empty,original_40
image_20240203151304,25,empty,original_40
image_20240203151304,26,empty,original_40
image_20240203151304,27,empty,original_40
image_20240203151304,28,empty,original_40
image_20240203151304,29,empty,original_40
image_20240203151304,30,empty,original_40
image_20240203151304,31,occupied,original_40
image_20240203151304,32,occupied,original_40
image_20240203151304,33,empty,original_40
image_20240203151304,34,empty,original_40
image_20240203151304,35,empty,original_40
image_20240203151304,36,empty,original_40
image_20240203151304,37,empty,original_40
image_20240203151304,38,empty,original_40
image_20240203151304,39,empty,original_40
image_20240203151304,40,empty,original_40
image_20240203151304,41,empty,original_40
image_20240203151304,42,empty,original_40
image_20240203151304,43,empty,original_40
image_20240203151304,44,empty,original_40
image_20240203151304,45,empty,original_40
image_20240203151304,46,empty,original_40
image_20240203151304,47,empty,original_40
image_20240203151304,48,empty,original_40
image_20240203151304,49,empty,original_40
image_20240203151304,50,empty,original_40
image_20240203151304,51,empty,original_40
image_20240203151304,52,empty,original_40
image_20240203151304,53,empty,original_40
image_20240203151304,54,empty,original_40
image_20240203151304,55,empty,original_40
image_20240203151304,56,empty,original_40
image_20240203151304,57,empty,original_40
image_20240203151304,58,empty,original_40
image_20240203151304,59,empty,original_40
image_20240203151304,60,empty,original_40
image_20240203151304,61,empty,original_40
image_20240203151304,62,empty,original_40
image_20240203151304,63,empty,original_40
image_20240203151304,64,empty,original_40
image_20240203151304,65,empty,original_40
image_20240203151304,66,empty,original_40
image_20240203151304,67,empty,original_40
image_20240203151304,68,empty,original_40
image_20240203151304,69,empty,original_40
image_20240203151304,70,empty,original_40
image_20240203151304,71,empty,original_40
image_20240203151304,72,empty,original_40
image_20240203151304,73,empty,original_40
image_20240203151304,74,empty,original_40
image_20240203151304,75,empty,original_40
image_20240203151304,76,empty,original_40
image_20240203151304,77,empty,original_40
image_20240203151304,78,occupied,original_40
image_20240203151304,79,occupied,original_40
image_20240203151304,80,empty,original_40
image_20240203151304,81,empty,original_40
image_20240203151304,82,empty,original_40
image_20240203100122,1,empty,original_40
image_20240203100122,2,empty,original_40
image_20240203100122,3,empty,original_40
image_20240203100122,4,empty,original_40
image_20240203100122,5,empty,original_40
image_20240203100122,6,empty,original_40
image_20240203100122,7,empty,original_40
image_20240203100122,8,empty,original_40
image_20240203100122,9,empty,original_40
image_20240203100122,10,empty,original_40
image_20240203100122,11,empty,original_40
image_20240203100122,12,empty,original_40
image_20240203100122,13,empty,original_40
image_20240203100122,14,empty,original_40
image_20240203100122,15,occupied,original_40
image_20240203100122,16,empty,original_40
image_20240203100122,17,empty,original_40
image_20240203100122,18,empty,original_40
image_20240203100122,19,empty,original_40
image_20240203100122,20,empty,original_40
image_20240203100122,21,empty,original_40
image_20240203100122,22,empty,original_40
image_20240203100122,23,empty,original_40
image_20240203100122,24,empty,original_40
image_20240203100122,25,empty,original_40
image_20240203100122,26,empty,original_40
image_20240203100122,27,empty,original_40
image_20240203100122,28,empty,original_40
image_20240203100122,29,empty,original_40
image_20240203100122,30,occupied,original_40
image_20240203100122,31,occupied,original_40
image_20240203100122,32,occupied,original_40
image_20240203100122,33,empty,original_40
image_20240203100122,34,empty,original_40
image_20240203100122,35,empty,original_40
image_20240203100122,36,empty,original_40
image_20240203100122,37,empty,original_40
image_20240203100122,38,empty,original_40
image_20240203100122,39,empty,original_40
image_20240203100122,40,empty,original_40
image_20240203100122,41,empty,original_40
image_20240203100122,42,empty,original_40
image_20240203100122,43,empty,original_40
image_20240203100122,44,empty,original_40
image_20240203100122,45,empty,original_40
image_20240203100122,46,empty,original_40
image_20240203100122,47,empty,original_40
image_20240203100122,48,empty,original_40
image_20240203100122,49,empty,original_40
image_20240203100122,50,empty,original_40
image_20240203100122,51,empty,original_40
image_20240203100122,52,empty,original_40
image_20240203100122,53,empty,original_40
image_20240203100122,54,empty,original_40
image_20240203100122,55,empty,original_40
image_20240203100122,56,empty,original_40
image_20240203100122,57,empty,original_40
image_20240203100122,58,empty,original_40
image_20240203100122,59,empty,original_40
image_20240203100122,60,empty,original_40
image_20240203100122,61,empty,original_40
image_20240203100122,62,empty,original_40
image_20240203100122,63,empty,original_40
image_20240203100122,64,empty,original_40
image_20240203100122,65,empty,original_40
image_20240203100122,66,empty,original_40
image_20240203100122,67,empty,original_40
image_20240203100122,68,empty,original_40
image_20240203100122,69,empty,original_40
image_20240203100122,70,empty,original_40
image_20240203100122,71,empty,original_40
image_20240203100122,72,empty,original_40
image_20240203100122,73,empty,original_40
image_20240203100122,74,empty,original_40
image_20240203100122,75,empty,original_40
image_20240203100122,76,occupied,original_40
image_20240203100122,77,occupied,original_40
image_20240203100122,78,occupied,original_40
image_20240203100122,79,empty,original_40
image_20240203100122,80,empty,original_40
image_20240203100122,81,empty,original_40
image_20240203100122,82,empty,original_40
image_20240203112148,1,empty,original_40
image_20240203112148,2,empty,original_40
image_20240203112148,3,empty,original_40
image_20240203112148,4,empty,original_40
image_20240203112148,5,empty,original_40
image_20240203112148,6,empty,original_40
image_20240203112148,7,empty,original_40
image_20240203112148,8,empty,original_40
image_20240203112148,9,empty,original_40
image_20240203112148,10,empty,original_40
image_20240203112148,11,empty,original_40
image_20240203112148,12,empty,original_40
image_20240203112148,13,empty,original_40
image_20240203112148,14,empty,original_40
image_20240203112148,15,occupied,original_40
image_20240203112148,16,occupied,original_40
image_20240203112148,17,empty,original_40
image_20240203112148,18,empty,original_40
image_20240203112148,19,empty,original_40
image_20240203112148,20,empty,original_40
image_20240203112148,21,empty,original_40
image_20240203112148,22,empty,original_40
image_20240203112148,23,empty,original_40
image_20240203112148,24,empty,original_40
image_20240203112148,25,empty,original_40
image_20240203112148,26,empty,original_40
image_20240203112148,27,empty,original_40
image_20240203112148,28,empty,original_40
image_20240203112148,29,empty,original_40
image_20240203112148,30,empty,original_40
image_20240203112148,31,occupied,original_40
image_20240203112148,32,empty,original_40
image_20240203112148,33,empty,original_40
image_20240203112148,34,empty,original_40
image_20240203112148,35,empty,original_40
image_20240203112148,36,empty,original_40
image_20240203112148,37,empty,original_40
image_20240203112148,38,empty,original_40
image_20240203112148,39,empty,original_40
image_20240203112148,40,empty,original_40
image_20240203112148,41,empty,original_40
image_20240203112148,42,empty,original_40
image_20240203112148,43,empty,original_40
image_20240203112148,44,empty,original_40
image_20240203112148,45,empty,original_40
image_20240203112148,46,empty,original_40
image_20240203112148,47,empty,original_40
image_20240203112148,48,empty,original_40
image_20240203112148,49,empty,original_40
image_20240203112148,50,empty,original_40
image_20240203112148,51,empty,original_40
image_20240203112148,52,empty,original_40
image_20240203112148,53,empty,original_40
image_20240203112148,54,empty,original_40
image_20240203112148,55,empty,original_40
image_20240203112148,56,empty,original_40
image_20240203112148,57,empty,original_40
image_20240203112148,58,empty,original_40
image_20240203112148,59,empty,original_40
image_20240203112148,60,empty,original_40
image_20240203112148,61,empty,original_40
image_20240203112148,62,empty,original_40
image_20240203112148,63,empty,original_40
image_20240203112148,64,empty,original_40
image_20240203112148,65,empty,original_40
image_20240203112148,66,empty,original_40
image_20240203112148,67,empty,original_40
image_20240203112148,68,empty,original_40
image_20240203112148,69,empty,original_40
image_20240203112148,70,empty,original_40
image_20240203112148,71,empty,original_40
image_20240203112148,72,empty,original_40
image_20240203112148,73,empty,original_40
image_20240203112148,74,empty,original_40
image_20240203112148,75,empty,original_40
image_20240203112148,76,occupied,original_40
image_20240203112148,77,occupied,original_40
image_20240203112148,78,occupied,original_40
image_20240203112148,79,occupied,original_40
image_20240203112148,80,empty,original_40
image_20240203112148,81,empty,original_40
image_20240203112148,82,empty,original_40
image_20240203155318,1,empty,original_40
image_20240203155318,2,empty,original_40
image_20240203155318,3,empty,original_40
image_20240203155318,4,empty,original_40
image_20240203155318,5,empty,original_40
image_20240203155318,6,empty,original_40
image_20240203155318,7,empty,original_40
image_20240203155318,8,empty,original_40
image_20240203155318,9,empty,original_40
image_20240203155318,10,empty,original_40
image_20240203155318,11,empty,original_40
image_20240203155318,12,empty,original_40
image_20240203155318,13,empty,original_40
image_20240203155318,14,empty,original_40
image_20240203155318,15,occupied,original_40
image_20240203155318,16,occupied,original_40
image_20240203155318,17,empty,original_40
image_20240203155318,18,empty,original_40
image_20240203155318,19,empty,original_40
image_20240203155318,20,empty,original_40
image_20240203155318,21,empty,original_40
image_20240203155318,22,empty,original_40
image_20240203155318,23,empty,original_40
image_20240203155318,24,empty,original_40
image_20240203155318,25,empty,original_40
image_20240203155318,26,empty,original_40
image_20240203155318,27,empty,original_40
image_20240203155318,28,empty,original_40
image_20240203155318,29,empty,original_40
image_20240203155318,30,empty,original_40
image_20240203155318,31,occupied,original_40
image_20240203155318,32,occupied,original_40
image_20240203155318,33,empty,original_40
image_20240203155318,34,empty,original_40
image_20240203155318,35,empty,original_40
image_20240203155318,36,empty,original_40
image_20240203155318,37,empty,original_40
image_20240203155318,38,empty,original_40
image_20240203155318,39,empty,original_40
image_20240203155318,40,empty,original_40
image_20240203155318,41,empty,original_40
image_20240203155318,42,empty,original_40
image_20240203155318,43,empty,original_40
image_20240203155318,44,empty,original_40
image_20240203155318,45,empty,original_40
image_20240203155318,46,empty,original_40
image_20240203155318,47,empty,original_40
image_20240203155318,48,empty,original_40
image_20240203155318,49,empty,original_40
image_20240203155318,50,empty,original_40
image_20240203155318,51,empty,original_40
image_20240203155318,52,empty,original_40
image_20240203155318,53,empty,original_40
image_20240203155318,54,empty,original_40
image_20240203155318,55,empty,original_40
image_20240203155318,56,empty,original_40
image_20240203155318,57,empty,original_40
image_20240203155318,58,empty,original_40
image_20240203155318,59,empty,original_40
image_20240203155318,60,empty,original_40
image_20240203155318,61,empty,original_40
image_20240203155318,62,empty,original_40
image_20240203155318,63,empty,original_40
image_20240203155318,64,empty,original_40
image_20240203155318,65,empty,original_40
image_20240203155318,66,empty,original_40
image_20240203155318,67,empty,original_40
image_20240203155318,68,empty,original_40
image_20240203155318,69,empty,original_40
image_20240203155318,70,empty,original_40
image_20240203155318,71,empty,original_40
image_20240203155318,72,empty,original_40
image_20240203155318,73,empty,original_40
image_20240203155318,74,empty,original_40
image_20240203155318,75,empty,original_40
image_20240203155318,76,empty,original_40
image_20240203155318,77,empty,original_40
image_20240203155318,78,occupied,original_40
image_20240203155318,79,occupied,original_40
image_20240203155318,80,empty,original_40
image_20240203155318,81,empty,original_40
image_20240203155318,82,empty,original_40
image_20240203160322,1,empty,original_40
image_20240203160322,2,empty,original_40
image_20240203160322,3,empty,original_40
image_20240203160322,4,empty,original_40
image_20240203160322,5,empty,original_40
image_20240203160322,6,empty,original_40
image_20240203160322,7,empty,original_40
image_20240203160322,8,empty,original_40
image_20240203160322,9,empty,original_40
image_20240203160322,10,empty,original_40
image_20240203160322,11,empty,original_40
image_20240203160322,12,empty,original_40
image_20240203160322,13,empty,original_40
image_20240203160322,14,empty,original_40
image_20240203160322,15,empty,original_40
image_20240203160322,16,occupied,original_40
image_20240203160322,17,empty,original_40
image_20240203160322,18,empty,original_40
image_20240203160322,19,empty,original_40
image_20240203160322,20,empty,original_40
image_20240203160322,21,empty,original_40
image_20240203160322,22,empty,original_40
image_20240203160322,23,empty,original_40
image_20240203160322,24,empty,original_40
image_20240203160322,25,empty,original_40
image_20240203160322,26,empty,original_40
image_20240203160322,27,empty,original_40
image_20240203160322,28,empty,original_40
image_20240203160322,29,empty,original_40
image_20240203160322,30,empty,original_40
image_20240203160322,31,occupied,original_40
image_20240203160322,32,occupied,original_40
image_20240203160322,33,empty,original_40
image_20240203160322,34,empty,original_40
image_20240203160322,35,empty,original_40
image_20240203160322,36,empty,original_40
image_20240203160322,37,empty,original_40
image_20240203160322,38,empty,original_40
image_20240203160322,39,empty,original_40
image_20240203160322,40,empty,original_40
image_20240203160322,41,empty,original_40
image_20240203160322,42,empty,original_40
image_20240203160322,43,empty,original_40
image_20240203160322,44,empty,original_40
image_20240203160322,45,empty,original_40
image_20240203160322,46,empty,original_40
image_20240203160322,47,empty,original_40
image_20240203160322,48,empty,original_40
image_20240203160322,49,empty,original_40
image_20240203160322,50,empty,original_40
image_20240203160322,51,empty,original_40
image_20240203160322,52,empty,original_40
image_20240203160322,53,empty,original_40
image_20240203160322,54,empty,original_40
image_20240203160322,55,empty,original_40
image_20240203160322,56,empty,original_40
image_20240203160322,57,empty,original_40
image_20240203160322,58,empty,original_40
image_20240203160322,59,empty,original_40
image_20240203160322,60,empty,original_40
image_20240203160322,61,empty,original_40
image_20240203160322,62,empty,original_40
image_20240203160322,63,empty,original_40
image_20240203160322,64,empty,original_40
image_20240203160322,65,empty,original_40
image_20240203160322,66,empty,original_40
image_20240203160322,67,empty,original_40
image_20240203160322,68,empty,original_40
image_20240203160322,69,empty,original_40
image_20240203160322,70,empty,original_40
image_20240203160322,71,empty,original_40
image_20240203160322,72,empty,original_40
image_20240203160322,73,empty,original_40
image_20240203160322,74,empty,original_40
image_20240203160322,75,empty,original_40
image_20240203160322,76,empty,original_40
image_20240203160322,77,occupied,original_40
image_20240203160322,78,occupied,original_40
image_20240203160322,79,occupied,original_40
image_20240203160322,80,empty,original_40
image_20240203160322,81,empty,original_40
image_20240203160322,82,empty,original_40
image_20240203123212,1,empty,original_40
image_20240203123212,2,empty,original_40
image_20240203123212,3,empty,original_40
image_20240203123212,4,empty,original_40
image_20240203123212,5,empty,original_40
image_20240203123212,6,empty,original_40
image_20240203123212,7,empty,original_40
image_20240203123212,8,empty,original_40
image_20240203123212,9,empty,original_40
image_20240203123212,10,empty,original_40
image_20240203123212,11,empty,original_40
image_20240203123212,12,empty,original_40
image_20240203123212,13,empty,original_40
image_20240203123212,14,empty,original_40
image_20240203123212,15,occupied,original_40
image_20240203123212,16,occupied,original_40
image_20240203123212,17,empty,original_40
image_20240203123212,18,empty,original_40
image_20240203123212,19,empty,original_40
image_20240203123212,20,empty,original_40
image_20240203123212,21,empty,original_40
image_20240203123212,22,empty,original_40
image_20240203123212,23,empty,original_40
image_20240203123212,24,empty,original_40
image_20240203123212,25,empty,original_40
image_20240203123212,26,empty,original_40
image_20240203123212,27,empty,original_40
image_20240203123212,28,empty,original_40
image_20240203123212,29,empty,original_40
image_20240203123212,30,empty,original_40
image_20240203123212,31,occupied,original_40
image_20240203123212,32,empty,original_40
image_20240203123212,33,empty,original_40
image_20240203123212,34,empty,original_40
image_20240203123212,35,empty,original_40
image_20240203123212,36,empty,original_40
image_20240203123212,37,empty,original_40
image_20240203123212,38,empty,original_40
image_20240203123212,39,empty,original_40
image_20240203123212,40,empty,original_40
image_20240203123212,41,empty,original_40
image_20240203123212,42,empty,original_40
image_20240203123212,43,empty,original_40
image_20240203123212,44,empty,original_40
image_20240203123212,45,empty,original_40
image_20240203123212,46,empty,original_40
image_20240203123212,47,empty,original_40
image_20240203123212,48,empty,original_40
image_20240203123212,49,empty,original_40
image_20240203123212,50,empty,original_40
image_20240203123212,51,empty,original_40
image_20240203123212,52,empty,original_40
image_20240203123212,53,empty,original_40
image_20240203123212,54,empty,original_40
image_20240203123212,55,empty,original_40
image_20240203123212,56,empty,original_40
image_20240203123212,57,empty,original_40
image_20240203123212,58,empty,original_40
image_20240203123212,59,empty,original_40
image_20240203123212,60,empty,original_40
image_20240203123212,61,empty,original_40
image_20240203123212,62,occupied,original_40
image_20240203123212,63,empty,original_40
image_20240203123212,64,empty,original_40
image_20240203123212,65,empty,original_40
image_20240203123212,66,empty,original_40
image_20240203123212,67,empty,original_40
image_20240203123212,68,empty,original_40
image_20240203123212,69,empty,original_40
image_20240203123212,70,empty,original_40
image_20240203123212,71,empty,original_40
image_20240203123212,72,empty,original_40
image_20240203123212,73,empty,original_40
image_20240203123212,74,empty,original_40
image_20240203123212,75,empty,original_40
image_20240203123212,76,occupied,original_40
image_20240203123212,77,occupied,original_40
image_20240203123212,78,occupied,original_40
image_20240203123212,79,occupied,original_40
image_20240203123212,80,empty,original_40
image_20240203123212,81,empty,original_40
image_20240203123212,82,empty,original_40
image_20240203081045,1,empty,original_40
image_20240203081045,2,empty,original_40
image_20240203081045,3,empty,original_40
image_20240203081045,4,empty,original_40
image_20240203081045,5,empty,original_40
image_20240203081045,6,empty,original_40
image_20240203081045,7,empty,original_40
image_20240203081045,8,empty,original_40
image_20240203081045,9,empty,original_40
image_20240203081045,10,empty,original_40
image_20240203081045,11,empty,original_40
image_20240203081045,12,empty,original_40
image_20240203081045,13,empty,original_40
image_20240203081045,14,empty,original_40
image_20240203081045,15,empty,original_40
image_20240203081045,16,empty,original_40
image_20240203081045,17,empty,original_40
image_20240203081045,18,empty,original_40
image_20240203081045,19,empty,original_40
image_20240203081045,20,empty,original_40
image_20240203081045,21,empty,original_40
image_20240203081045,22,empty,original_40
image_20240203081045,23,empty,original_40
image_20240203081045,24,empty,original_40
image_20240203081045,25,empty,original_40
image_20240203081045,26,empty,original_40
image_20240203081045,27,empty,original_40
image_20240203081045,28,empty,original_40
image_20240203081045,29,empty,original_40
image_20240203081045,30,empty,original_40
image_20240203081045,31,empty,original_40
image_20240203081045,32,empty,original_40
image_20240203081045,33,empty,original_40
image_20240203081045,34,empty,original_40
image_20240203081045,35,empty,original_40
image_20240203081045,36,empty,original_40
image_20240203081045,37,empty,original_40
image_20240203081045,38,empty,original_40
image_20240203081045,39,empty,original_40
image_20240203081045,40,empty,original_40
image_20240203081045,41,empty,original_40
image_20240203081045,42,empty,original_40
image_20240203081045,43,empty,original_40
image_20240203081045,44,empty,original_40
image_20240203081045,45,empty,original_40
image_20240203081045,46,empty,original_40
image_20240203081045,47,empty,original_40
image_20240203081045,48,empty,original_40
image_20240203081045,49,empty,original_40
image_20240203081045,50,empty,original_40
image_20240203081045,51,empty,original_40
image_20240203081045,52,empty,original_40
image_20240203081045,53,empty,original_40
image_20240203081045,54,empty,original_40
image_20240203081045,55,empty,original_40
image_20240203081045,56,empty,original_40
image_20240203081045,57,empty,original_40
image_20240203081045,58,empty,original_40
image_20240203081045,59,empty,original_40
image_20240203081045,60,empty,original_40
image_20240203081045,61,empty,original_40
image_20240203081045,62,empty,original_40
image_20240203081045,63,empty,original_40
image_20240203081045,64,empty,original_40
image_20240203081045,65,empty,original_40
image_20240203081045,66,empty,original_40
image_20240203081045,67,empty,original_40
image_20240203081045,68,empty,original_40
image_20240203081045,69,empty,original_40
image_20240203081045,70,empty,original_40
image_20240203081045,71,empty,original_40
image_20240203081045,72,empty,original_40
image_20240203081045,73,empty,original_40
image_20240203081045,74,empty,original_40
image_20240203081045,75,empty,original_40
image_20240203081045,76,empty,original_40
image_20240203081045,77,empty,original_40
image_20240203081045,78,empty,original_40
image_20240203081045,79,empty,original_40
image_20240203081045,80,empty,original_40
image_20240203081045,81,empty,original_40
image_20240203081045,82,empty,original_40
image_20240203064016,1,empty,original_40
image_20240203064016,2,empty,original_40
image_20240203064016,3,empty,original_40
image_20240203064016,4,empty,original_40
image_20240203064016,5,empty,original_40
image_20240203064016,6,empty,original_40
image_20240203064016,7,empty,original_40
image_20240203064016,8,empty,original_40
image_20240203064016,9,empty,original_40
image_20240203064016,10,empty,original_40
image_20240203064016,11,empty,original_40
image_20240203064016,12,empty,original_40
image_20240203064016,13,empty,original_40
image_20240203064016,14,empty,original_40
image_20240203064016,15,empty,original_40
image_20240203064016,16,empty,original_40
image_20240203064016,17,empty,original_40
image_20240203064016,18,empty,original_40
image_20240203064016,19,empty,original_40
image_20240203064016,20,empty,original_40
image_20240203064016,21,empty,original_40
image_20240203064016,22,empty,original_40
image_20240203064016,23,empty,original_40
image_20240203064016,24,empty,original_40
image_20240203064016,25,empty,original_40
image_20240203064016,26,empty,original_40
image_20240203064016,27,empty,original_40
image_20240203064016,28,empty,original_40
image_20240203064016,29,empty,original_40
image_20240203064016,30,empty,original_40
image_20240203064016,31,empty,original_40
image_20240203064016,32,empty,original_40
image_20240203064016,33,empty,original_40
image_20240203064016,34,empty,original_40
image_20240203064016,35,empty,original_40
image_20240203064016,36,empty,original_40
image_20240203064016,37,empty,original_40
image_20240203064016,38,empty,original_40
image_20240203064016,39,empty,original_40
image_20240203064016,40,empty,original_40
image_20240203064016,41,empty,original_40
image_20240203064016,42,empty,original_40
image_20240203064016,43,empty,original_40
image_20240203064016,44,empty,original_40
image_20240203064016,45,empty,original_40
image_20240203064016,46,empty,original_40
image_20240203064016,47,empty,original_40
image_20240203064016,48,empty,original_40
image_20240203064016,49,empty,original_40
image_20240203064016,50,empty,original_40
image_20240203064016,51,empty,original_40
image_20240203064016,52,empty,original_40
image_20240203064016,53,empty,original_40
image_20240203064016,54,empty,original_40
image_20240203064016,55,empty,original_40
image_20240203064016,56,empty,original_40
image_20240203064016,57,empty,original_40
image_20240203064016,58,empty,original_40
image_20240203064016,59,empty,original_40
image_20240203064016,60,empty,original_40
image_20240203064016,61,empty,original_40
image_20240203064016,62,empty,original_40
image_20240203064016,63,empty,original_40
image_20240203064016,64,empty,original_40
image_20240203064016,65,empty,original_40
image_20240203064016,66,empty,original_40
image_20240203064016,67,empty,original_40
image_20240203064016,68,empty,original_40
image_20240203064016,69,empty,original_40
image_20240203064016,70,empty,original_40
image_20240203064016,71,empty,original_40
image_20240203064016,72,empty,original_40
image_20240203064016,73,empty,original_40
image_20240203064016,74,empty,original_40
image_20240203064016,75,empty,original_40
image_20240203064016,76,empty,original_40
image_20240203064016,77,empty,original_40
image_20240203064016,78,empty,original_40
image_20240203064016,79,empty,original_40
image_20240203064016,80,empty,original_40
image_20240203064016,81,empty,original_40
image_20240203064016,82,empty,original_40
image_20240203095118,1,empty,original_40
image_20240203095118,2,empty,original_40
image_20240203095118,3,empty,original_40
image_20240203095118,4,empty,original_40
image_20240203095118,5,empty,original_40
image_20240203095118,6,empty,original_40
image_20240203095118,7,empty,original_40
image_20240203095118,8,empty,original_40
image_20240203095118,9,empty,original_40
image_20240203095118,10,empty,original_40
image_20240203095118,11,empty,original_40
image_20240203095118,12,empty,original_40
image_20240203095118,13,empty,original_40
image_20240203095118,14,empty,original_40
image_20240203095118,15,occupied,original_40
image_20240203095118,16,empty,original_40
image_20240203095118,17,empty,original_40
image_20240203095118,18,empty,original_40
image_20240203095118,19,empty,original_40
image_20240203095118,20,empty,original_40
image_20240203095118,21,empty,original_40
image_20240203095118,22,empty,original_40
image_20240203095118,23,empty,original_40
image_20240203095118,24,empty,original_40
image_20240203095118,25,empty,original_40
image_20240203095118,26,empty,original_40
image_20240203095118,27,empty,original_40
image_20240203095118,28,empty,original_40
image_20240203095118,29,empty,original_40
image_20240203095118,30,occupied,original_40
image_20240203095118,31,occupied,original_40
image_20240203095118,32,occupied,original_40
image_20240203095118,33,empty,original_40
image_20240203095118,34,empty,original_40
image_20240203095118,35,empty,original_40
image_20240203095118,36,empty,original_40
image_20240203095118,37,empty,original_40
image_20240203095118,38,empty,original_40
image_20240203095118,39,empty,original_40
image_20240203095118,40,empty,original_40
image_20240203095118,41,empty,original_40
image_20240203095118,42,empty,original_40
image_20240203095118,43,empty,original_40
image_20240203095118,44,empty,original_40
image_20240203095118,45,empty,original_40
image_20240203095118,46,empty,original_40
image_20240203095118,47,empty,original_40
image_20240203095118,48,empty,original_40
image_20240203095118,49,empty,original_40
image_20240203095118,50,empty,original_40
image_20240203095118,51,empty,original_40
image_20240203095118,52,empty,original_40
image_20240203095118,53,empty,original_40
image_20240203095118,54,empty,original_40
image_20240203095118,55,empty,original_40
image_20240203095118,56,empty,original_40
image_20240203095118,57,empty,original_40
image_20240203095118,58,empty,original_40
image_20240203095118,59,empty,original_40
image_20240203095118,60,empty,original_40
image_20240203095118,61,empty,original_40
image_20240203095118,62,empty,original_40
image_20240203095118,63,empty,original_40
image_20240203095118,64,empty,original_40
image_20240203095118,65,empty,original_40
image_20240203095118,66,empty,original_40
image_20240203095118,67,empty,original_40
image_20240203095118,68,empty,original_40
image_20240203095118,69,empty,original_40
image_20240203095118,70,empty,original_40
image_20240203095118,71,empty,original_40
image_20240203095118,72,empty,original_40
image_20240203095118,73,empty,original_40
image_20240203095118,74,empty,original_40
image_20240203095118,75,empty,original_40
image_20240203095118,76,occupied,original_40
image_20240203095118,77,occupied,original_40
image_20240203095118,78,occupied,original_40
image_20240203095118,79,empty,original_40
image_20240203095118,80,empty,original_40
image_20240203095118,81,empty,original_40
image_20240203095118,82,empty,original_40
image_20240203161324,1,empty,original_40
image_20240203161324,2,empty,original_40
image_20240203161324,3,empty,original_40
image_20240203161324,4,empty,original_40
image_20240203161324,5,empty,original_40
image_20240203161324,6,empty,original_40
image_20240203161324,7,empty,original_40
image_20240203161324,8,empty,original_40
image_20240203161324,9,empty,original_40
image_20240203161324,10,empty,original_40
image_20240203161324,11,empty,original_40
image_20240203161324,12,empty,original_40
image_20240203161324,13,empty,original_40
image_20240203161324,14,empty,original_40
image_20240203161324,15,empty,original_40
image_20240203161324,16,occupied,original_40
image_20240203161324,17,empty,original_40
image_20240203161324,18,empty,original_40
image_20240203161324,19,empty,original_40
image_20240203161324,20,empty,original_40
image_20240203161324,21,empty,original_40
image_20240203161324,22,empty,original_40
image_20240203161324,23,empty,original_40
image_20240203161324,24,empty,original_40
image_20240203161324,25,empty,original_40
image_20240203161324,26,empty,original_40
image_20240203161324,27,empty,original_40
image_20240203161324,28,empty,original_40
image_20240203161324,29,empty,original_40
image_20240203161324,30,empty,original_40
image_20240203161324,31,occupied,original_40
image_20240203161324,32,occupied,original_40
image_20240203161324,33,empty,original_40
image_20240203161324,34,empty,original_40
image_20240203161324,35,empty,original_40
image_20240203161324,36,empty,original_40
image_20240203161324,37,empty,original_40
image_20240203161324,38,empty,original_40
image_20240203161324,39,empty,original_40
image_20240203161324,40,empty,original_40
image_20240203161324,41,empty,original_40
image_20240203161324,42,empty,original_40
image_20240203161324,43,empty,original_40
image_20240203161324,44,empty,original_40
image_20240203161324,45,empty,original_40
image_20240203161324,46,empty,original_40
image_20240203161324,47,empty,original_40
image_20240203161324,48,empty,original_40
image_20240203161324,49,empty,original_40
image_20240203161324,50,empty,original_40
image_20240203161324,51,empty,original_40
image_20240203161324,52,empty,original_40
image_20240203161324,53,empty,original_40
image_20240203161324,54,empty,original_40
image_20240203161324,55,empty,original_40
image_20240203161324,56,empty,original_40
image_20240203161324,57,empty,original_40
image_20240203161324,58,empty,original_40
image_20240203161324,59,empty,original_40
image_20240203161324,60,empty,original_40
image_20240203161324,61,empty,original_40
image_20240203161324,62,empty,original_40
image_20240203161324,63,empty,original_40
image_20240203161324,64,empty,original_40
image_20240203161324,65,empty,original_40
image_20240203161324,66,empty,original_40
image_20240203161324,67,empty,original_40
image_20240203161324,68,empty,original_40
image_20240203161324,69,empty,original_40
image_20240203161324,70,empty,original_40
image_20240203161324,71,empty,original_40
image_20240203161324,72,empty,original_40
image_20240203161324,73,empty,original_40
image_20240203161324,74,empty,original_40
image_20240203161324,75,empty,original_40
image_20240203161324,76,empty,original_40
image_20240203161324,77,occupied,original_40
image_20240203161324,78,occupied,original_40
image_20240203161324,79,occupied,original_40
image_20240203161324,80,empty,original_40
image_20240203161324,81,empty,original_40
image_20240203161324,82,empty,original_40
image_20240123100300,1,empty,added_80
image_20240123100300,2,empty,added_80
image_20240123100300,3,empty,added_80
image_20240123100300,4,empty,added_80
image_20240123100300,5,empty,added_80
image_20240123100300,6,empty,added_80
image_20240123100300,7,empty,added_80
image_20240123100300,8,occupied,added_80
image_20240123100300,9,occupied,added_80
image_20240123100300,10,occupied,added_80
image_20240123100300,11,occupied,added_80
image_20240123100300,12,occupied,added_80
image_20240123100300,13,occupied,added_80
image_20240123100300,14,occupied,added_80
image_20240123100300,15,occupied,added_80
image_20240123100300,16,occupied,added_80
image_20240123100300,17,occupied,added_80
image_20240123100300,18,occupied,added_80
image_20240123100300,19,occupied,added_80
image_20240123100300,20,occupied,added_80
image_20240123100300,21,occupied,added_80
image_20240123100300,22,occupied,added_80
image_20240123100300,23,occupied,added_80
image_20240123100300,24,empty,added_80
image_20240123100300,25,empty,added_80
image_20240123100300,26,empty,added_80
image_20240123100300,27,empty,added_80
image_20240123100300,28,empty,added_80
image_20240123100300,29,empty,added_80
image_20240123100300,30,occupied,added_80
image_20240123100300,31,occupied,added_80
image_20240123100300,32,occupied,added_80
image_20240123100300,33,occupied,added_80
image_20240123100300,34,occupied,added_80
image_20240123100300,35,occupied,added_80
image_20240123100300,36,occupied,added_80
image_20240123100300,37,occupied,added_80
image_20240123100300,38,occupied,added_80
image_20240123100300,39,occupied,added_80
image_20240123100300,40,occupied,added_80
image_20240123100300,41,occupied,added_80
image_20240123100300,42,occupied,added_80
image_20240123100300,43,occupied,added_80
image_20240123100300,44,empty,added_80
image_20240123100300,45,empty,added_80
image_20240123100300,46,occupied,added_80
image_20240123100300,47,empty,added_80
image_20240123100300,48,occupied,added_80
image_20240123100300,49,empty,added_80
image_20240123100300,50,empty,added_80
image_20240123100300,51,empty,added_80
image_20240123100300,52,empty,added_80
image_20240123100300,53,empty,added_80
image_20240123100300,54,empty,added_80
image_20240123100300,55,empty,added_80
image_20240123100300,56,empty,added_80
image_20240123100300,57,empty,added_80
image_20240123100300,58,empty,added_80
image_20240123100300,59,empty,added_80
image_20240123100300,60,empty,added_80
image_20240123100300,61,empty,added_80
image_20240123100300,62,empty,added_80
image_20240123100300,63,empty,added_80
image_20240123100300,64,empty,added_80
image_20240123100300,65,empty,added_80
image_20240123100300,66,occupied,added_80
image_20240123100300,67,occupied,added_80
image_20240123100300,68,occupied,added_80
image_20240123100300,69,occupied,added_80
image_20240123100300,70,occupied,added_80
image_20240123100300,71,occupied,added_80
image_20240123100300,72,occupied,added_80
image_20240123100300,73,occupied,added_80
image_20240123100300,74,occupied,added_80
image_20240123100300,75,occupied,added_80
image_20240123100300,76,occupied,added_80
image_20240123100300,77,occupied,added_80
image_20240123100300,78,occupied,added_80
image_20240123100300,79,occupied,added_80
image_20240123100300,80,empty,added_80
image_20240123100300,81,empty,added_80
image_20240123100300,82,empty,added_80
image_20231212102602,1,empty,added_80
image_20231212102602,2,occupied,added_80
image_20231212102602,3,empty,added_80
image_20231212102602,4,empty,added_80
image_20231212102602,5,empty,added_80
image_20231212102602,6,empty,added_80
image_20231212102602,7,occupied,added_80
image_20231212102602,8,occupied,added_80
image_20231212102602,9,occupied,added_80
image_20231212102602,10,occupied,added_80
image_20231212102602,11,occupied,added_80
image_20231212102602,12,occupied,added_80
image_20231212102602,13,occupied,added_80
image_20231212102602,14,occupied,added_80
image_20231212102602,15,occupied,added_80
image_20231212102602,16,occupied,added_80
image_20231212102602,17,occupied,added_80
image_20231212102602,18,occupied,added_80
image_20231212102602,19,occupied,added_80
image_20231212102602,20,occupied,added_80
image_20231212102602,21,occupied,added_80
image_20231212102602,22,occupied,added_80
image_20231212102602,23,occupied,added_80
image_20231212102602,24,occupied,added_80
image_20231212102602,25,empty,added_80
image_20231212102602,26,empty,added_80
image_20231212102602,27,empty,added_80
image_20231212102602,28,empty,added_80
image_20231212102602,29,empty,added_80
image_20231212102602,30,occupied,added_80
image_20231212102602,31,occupied,added_80
image_20231212102602,32,occupied,added_80
image_20231212102602,33,occupied,added_80
image_20231212102602,34,occupied,added_80
image_20231212102602,35,occupied,added_80
image_20231212102602,36,occupied,added_80
image_20231212102602,37,occupied,added_80
image_20231212102602,38,occupied,added_80
image_20231212102602,39,occupied,added_80
image_20231212102602,40,occupied,added_80
image_20231212102602,41,occupied,added_80
image_20231212102602,42,occupied,added_80
image_20231212102602,43,occupied,added_80
image_20231212102602,44,occupied,added_80
image_20231212102602,45,occupied,added_80
image_20231212102602,46,empty,added_80
image_20231212102602,47,empty,added_80
image_20231212102602,48,empty,added_80
image_20231212102602,49,empty,added_80
image_20231212102602,50,empty,added_80
image_20231212102602,51,empty,added_80
image_20231212102602,52,empty,added_80
image_20231212102602,53,empty,added_80
image_20231212102602,54,empty,added_80
image_20231212102602,55,empty,added_80
image_20231212102602,56,empty,added_80
image_20231212102602,57,empty,added_80
image_20231212102602,58,empty,added_80
image_20231212102602,59,empty,added_80
image_20231212102602,60,empty,added_80
image_20231212102602,61,empty,added_80
image_20231212102602,62,empty,added_80
image_20231212102602,63,empty,added_80
image_20231212102602,64,occupied,added_80
image_20231212102602,65,occupied,added_80
image_20231212102602,66,occupied,added_80
image_20231212102602,67,occupied,added_80
image_20231212102602,68,occupied,added_80
image_20231212102602,69,occupied,added_80
image_20231212102602,70,occupied,added_80
image_20231212102602,71,occupied,added_80
image_20231212102602,72,occupied,added_80
image_20231212102602,73,occupied,added_80
image_20231212102602,74,occupied,added_80
image_20231212102602,75,occupied,added_80
image_20231212102602,76,occupied,added_80
image_20231212102602,77,occupied,added_80
image_20231212102602,78,occupied,added_80
image_20231212102602,79,occupied,added_80
image_20231212102602,80,empty,added_80
image_20231212102602,81,empty,added_80
image_20231212102602,82,occupied,added_80
image_20231230102002,1,empty,added_80
image_20231230102002,2,empty,added_80
image_20231230102002,3,empty,added_80
image_20231230102002,4,empty,added_80
image_20231230102002,5,empty,added_80
image_20231230102002,6,empty,added_80
image_20231230102002,7,empty,added_80
image_20231230102002,8,empty,added_80
image_20231230102002,9,empty,added_80
image_20231230102002,10,empty,added_80
image_20231230102002,11,empty,added_80
image_20231230102002,12,empty,added_80
image_20231230102002,13,empty,added_80
image_20231230102002,14,empty,added_80
image_20231230102002,15,empty,added_80
image_20231230102002,16,empty,added_80
image_20231230102002,17,empty,added_80
image_20231230102002,18,empty,added_80
image_20231230102002,19,empty,added_80
image_20231230102002,20,empty,added_80
image_20231230102002,21,empty,added_80
image_20231230102002,22,empty,added_80
image_20231230102002,23,empty,added_80
image_20231230102002,24,empty,added_80
image_20231230102002,25,empty,added_80
image_20231230102002,26,empty,added_80
image_20231230102002,27,empty,added_80
image_20231230102002,28,empty,added_80
image_20231230102002,29,empty,added_80
image_20231230102002,30,empty,added_80
image_20231230102002,31,empty,added_80
image_20231230102002,32,empty,added_80
image_20231230102002,33,empty,added_80
image_20231230102002,34,occupied,added_80
image_20231230102002,35,empty,added_80
image_20231230102002,36,empty,added_80
image_20231230102002,37,empty,added_80
image_20231230102002,38,empty,added_80
image_20231230102002,39,empty,added_80
image_20231230102002,40,empty,added_80
image_20231230102002,41,empty,added_80
image_20231230102002,42,empty,added_80
image_20231230102002,43,empty,added_80
image_20231230102002,44,empty,added_80
image_20231230102002,45,empty,added_80
image_20231230102002,46,empty,added_80
image_20231230102002,47,empty,added_80
image_20231230102002,48,empty,added_80
image_20231230102002,49,empty,added_80
image_20231230102002,50,empty,added_80
image_20231230102002,51,empty,added_80
image_20231230102002,52,empty,added_80
image_20231230102002,53,empty,added_80
image_20231230102002,54,empty,added_80
image_20231230102002,55,empty,added_80
image_20231230102002,56,empty,added_80
image_20231230102002,57,empty,added_80
image_20231230102002,58,empty,added_80
image_20231230102002,59,empty,added_80
image_20231230102002,60,empty,added_80
image_20231230102002,61,empty,added_80
image_20231230102002,62,empty,added_80
image_20231230102002,63,empty,added_80
image_20231230102002,64,empty,added_80
image_20231230102002,65,empty,added_80
image_20231230102002,66,empty,added_80
image_20231230102002,67,empty,added_80
image_20231230102002,68,empty,added_80
image_20231230102002,69,empty,added_80
image_20231230102002,70,empty,added_80
image_20231230102002,71,empty,added_80
image_20231230102002,72,empty,added_80
image_20231230102002,73,empty,added_80
image_20231230102002,74,empty,added_80
image_20231230102002,75,empty,added_80
image_20231230102002,76,occupied,added_80
image_20231230102002,77,empty,added_80
image_20231230102002,78,empty,added_80
image_20231230102002,79,empty,added_80
image_20231230102002,80,empty,added_80
image_20231230102002,81,empty,added_80
image_20231230102002,82,empty,added_80
image_20240211131034,1,empty,added_80
image_20240211131034,2,empty,added_80
image_20240211131034,3,empty,added_80
image_20240211131034,4,empty,added_80
image_20240211131034,5,empty,added_80
image_20240211131034,6,empty,added_80
image_20240211131034,7,empty,added_80
image_20240211131034,8,empty,added_80
image_20240211131034,9,empty,added_80
image_20240211131034,10,empty,added_80
image_20240211131034,11,empty,added_80
image_20240211131034,12,empty,added_80
image_20240211131034,13,empty,added_80
image_20240211131034,14,empty,added_80
image_20240211131034,15,empty,added_80
image_20240211131034,16,empty,added_80
image_20240211131034,17,empty,added_80
image_20240211131034,18,empty,added_80
image_20240211131034,19,empty,added_80
image_20240211131034,20,empty,added_80
image_20240211131034,21,empty,added_80
image_20240211131034,22,empty,added_80
image_20240211131034,23,empty,added_80
image_20240211131034,24,empty,added_80
image_20240211131034,25,empty,added_80
image_20240211131034,26,empty,added_80
image_20240211131034,27,empty,added_80
image_20240211131034,28,empty,added_80
image_20240211131034,29,empty,added_80
image_20240211131034,30,empty,added_80
image_20240211131034,31,occupied,added_80
image_20240211131034,32,empty,added_80
image_20240211131034,33,occupied,added_80
image_20240211131034,34,empty,added_80
image_20240211131034,35,occupied,added_80
image_20240211131034,36,empty,added_80
image_20240211131034,37,empty,added_80
image_20240211131034,38,empty,added_80
image_20240211131034,39,empty,added_80
image_20240211131034,40,empty,added_80
image_20240211131034,41,empty,added_80
image_20240211131034,42,empty,added_80
image_20240211131034,43,empty,added_80
image_20240211131034,44,empty,added_80
image_20240211131034,45,empty,added_80
image_20240211131034,46,empty,added_80
image_20240211131034,47,empty,added_80
image_20240211131034,48,empty,added_80
image_20240211131034,49,empty,added_80
image_20240211131034,50,empty,added_80
image_20240211131034,51,empty,added_80
image_20240211131034,52,empty,added_80
image_20240211131034,53,empty,added_80
image_20240211131034,54,empty,added_80
image_20240211131034,55,empty,added_80
image_20240211131034,56,empty,added_80
image_20240211131034,57,empty,added_80
image_20240211131034,58,empty,added_80
image_20240211131034,59,empty,added_80
image_20240211131034,60,empty,added_80
image_20240211131034,61,empty,added_80
image_20240211131034,62,empty,added_80
image_20240211131034,63,empty,added_80
image_20240211131034,64,empty,added_80
image_20240211131034,65,empty,added_80
image_20240211131034,66,empty,added_80
image_20240211131034,67,empty,added_80
image_20240211131034,68,empty,added_80
image_20240211131034,69,empty,added_80
image_20240211131034,70,empty,added_80
image_20240211131034,71,empty,added_80
image_20240211131034,72,empty,added_80
image_20240211131034,73,occupied,added_80
image_20240211131034,74,empty,added_80
image_20240211131034,75,occupied,added_80
image_20240211131034,76,occupied,added_80
image_20240211131034,77,empty,added_80
image_20240211131034,78,occupied,added_80
image_20240211131034,79,empty,added_80
image_20240211131034,80,empty,added_80
image_20240211131034,81,empty,added_80
image_20240211131034,82,empty,added_80
image_20240228130014,1,empty,added_80
image_20240228130014,2,empty,added_80
image_20240228130014,3,occupied,added_80
image_20240228130014,4,empty,added_80
image_20240228130014,5,empty,added_80
image_20240228130014,6,empty,added_80
image_20240228130014,7,occupied,added_80
image_20240228130014,8,occupied,added_80
image_20240228130014,9,occupied,added_80
image_20240228130014,10,occupied,added_80
image_20240228130014,11,occupied,added_80
image_20240228130014,12,occupied,added_80
image_20240228130014,13,occupied,added_80
image_20240228130014,14,occupied,added_80
image_20240228130014,15,occupied,added_80
image_20240228130014,16,occupied,added_80
image_20240228130014,17,occupied,added_80
image_20240228130014,18,occupied,added_80
image_20240228130014,19,occupied,added_80
image_20240228130014,20,occupied,added_80
image_20240228130014,21,occupied,added_80
image_20240228130014,22,occupied,added_80
image_20240228130014,23,occupied,added_80
image_20240228130014,24,occupied,added_80
image_20240228130014,25,occupied,added_80
image_20240228130014,26,occupied,added_80
image_20240228130014,27,occupied,added_80
image_20240228130014,28,empty,added_80
image_20240228130014,29,empty,added_80
image_20240228130014,30,occupied,added_80
image_20240228130014,31,occupied,added_80
image_20240228130014,32,occupied,added_80
image_20240228130014,33,occupied,added_80
image_20240228130014,34,occupied,added_80
image_20240228130014,35,occupied,added_80
image_20240228130014,36,occupied,added_80
image_20240228130014,37,empty,added_80
image_20240228130014,38,occupied,added_80
image_20240228130014,39,occupied,added_80
image_20240228130014,40,occupied,added_80
image_20240228130014,41,occupied,added_80
image_20240228130014,42,occupied,added_80
image_20240228130014,43,occupied,added_80
image_20240228130014,44,occupied,added_80
image_20240228130014,45,occupied,added_80
image_20240228130014,46,empty,added_80
image_20240228130014,47,occupied,added_80
image_20240228130014,48,empty,added_80
image_20240228130014,49,empty,added_80
image_20240228130014,50,occupied,added_80
image_20240228130014,51,empty,added_80
image_20240228130014,52,empty,added_80
image_20240228130014,53,empty,added_80
image_20240228130014,54,empty,added_80
image_20240228130014,55,empty,added_80
image_20240228130014,56,empty,added_80
image_20240228130014,57,empty,added_80
image_20240228130014,58,empty,added_80
image_20240228130014,59,occupied,added_80
image_20240228130014,60,occupied,added_80
image_20240228130014,61,occupied,added_80
image_20240228130014,62,occupied,added_80
image_20240228130014,63,occupied,added_80
image_20240228130014,64,occupied,added_80
image_20240228130014,65,occupied,added_80
image_20240228130014,66,occupied,added_80
image_20240228130014,67,occupied,added_80
image_20240228130014,68,occupied,added_80
image_20240228130014,69,empty,added_80
image_20240228130014,70,occupied,added_80
image_20240228130014,71,occupied,added_80
image_20240228130014,72,occupied,added_80
image_20240228130014,73,occupied,added_80
image_20240228130014,74,occupied,added_80
image_20240228130014,75,occupied,added_80
image_20240228130014,76,occupied,added_80
image_20240228130014,77,occupied,added_80
image_20240228130014,78,occupied,added_80
image_20240228130014,79,occupied,added_80
image_20240228130014,80,empty,added_80
image_20240228130014,81,empty,added_80
image_20240228130014,82,empty,added_80
image_20231212143730,1,empty,added_80
image_20231212143730,2,occupied,added_80
image_20231212143730,3,empty,added_80
image_20231212143730,4,occupied,added_80
image_20231212143730,5,occupied,added_80
image_20231212143730,6,empty,added_80
image_20231212143730,7,empty,added_80
image_20231212143730,8,occupied,added_80
image_20231212143730,9,occupied,added_80
image_20231212143730,10,occupied,added_80
image_20231212143730,11,occupied,added_80
image_20231212143730,12,occupied,added_80
image_20231212143730,13,occupied,added_80
image_20231212143730,14,occupied,added_80
image_20231212143730,15,occupied,added_80
image_20231212143730,16,occupied,added_80
image_20231212143730,17,occupied,added_80
image_20231212143730,18,occupied,added_80
image_20231212143730,19,occupied,added_80
image_20231212143730,20,empty,added_80
image_20231212143730,21,occupied,added_80
image_20231212143730,22,occupied,added_80
image_20231212143730,23,occupied,added_80
image_20231212143730,24,occupied,added_80
image_20231212143730,25,occupied,added_80
image_20231212143730,26,occupied,added_80
image_20231212143730,27,empty,added_80
image_20231212143730,28,empty,added_80
image_20231212143730,29,empty,added_80
image_20231212143730,30,occupied,added_80
image_20231212143730,31,occupied,added_80
image_20231212143730,32,occupied,added_80
image_20231212143730,33,occupied,added_80
image_20231212143730,34,occupied,added_80
image_20231212143730,35,occupied,added_80
image_20231212143730,36,occupied,added_80
image_20231212143730,37,occupied,added_80
image_20231212143730,38,occupied,added_80
image_20231212143730,39,occupied,added_80
image_20231212143730,40,occupied,added_80
image_20231212143730,41,occupied,added_80
image_20231212143730,42,occupied,added_80
image_20231212143730,43,occupied,added_80
image_20231212143730,44,occupied,added_80
image_20231212143730,45,occupied,added_80
image_20231212143730,46,empty,added_80
image_20231212143730,47,occupied,added_80
image_20231212143730,48,empty,added_80
image_20231212143730,49,empty,added_80
image_20231212143730,50,occupied,added_80
image_20231212143730,51,empty,added_80
image_20231212143730,52,empty,added_80
image_20231212143730,53,occupied,added_80
image_20231212143730,54,empty,added_80
image_20231212143730,55,empty,added_80
image_20231212143730,56,empty,added_80
image_20231212143730,57,occupied,added_80
image_20231212143730,58,empty,added_80
image_20231212143730,59,empty,added_80
image_20231212143730,60,empty,added_80
image_20231212143730,61,occupied,added_80
image_20231212143730,62,occupied,added_80
image_20231212143730,63,occupied,added_80
image_20231212143730,64,occupied,added_80
image_20231212143730,65,empty,added_80
image_20231212143730,66,empty,added_80
image_20231212143730,67,occupied,added_80
image_20231212143730,68,occupied,added_80
image_20231212143730,69,occupied,added_80
image_20231212143730,70,occupied,added_80
image_20231212143730,71,occupied,added_80
image_20231212143730,72,occupied,added_80
image_20231212143730,73,occupied,added_80
image_20231212143730,74,occupied,added_80
image_20231212143730,75,occupied,added_80
image_20231212143730,76,occupied,added_80
image_20231212143730,77,occupied,added_80
image_20231212143730,78,occupied,added_80
image_20231212143730,79,occupied,added_80
image_20231212143730,80,empty,added_80
image_20231212143730,81,empty,added_80
image_20231212143730,82,empty,added_80
image_20231230145132,1,empty,added_80
image_20231230145132,2,empty,added_80
image_20231230145132,3,empty,added_80
image_20231230145132,4,empty,added_80
image_20231230145132,5,empty,added_80
image_20231230145132,6,empty,added_80
image_20231230145132,7,empty,added_80
image_20231230145132,8,empty,added_80
image_20231230145132,9,empty,added_80
image_20231230145132,10,empty,added_80
image_20231230145132,11,empty,added_80
image_20231230145132,12,empty,added_80
image_20231230145132,13,empty,added_80
image_20231230145132,14,empty,added_80
image_20231230145132,15,empty,added_80
image_20231230145132,16,empty,added_80
image_20231230145132,17,empty,added_80
image_20231230145132,18,empty,added_80
image_20231230145132,19,empty,added_80
image_20231230145132,20,empty,added_80
image_20231230145132,21,empty,added_80
image_20231230145132,22,empty,added_80
image_20231230145132,23,empty,added_80
image_20231230145132,24,empty,added_80
image_20231230145132,25,empty,added_80
image_20231230145132,26,empty,added_80
image_20231230145132,27,empty,added_80
image_20231230145132,28,empty,added_80
image_20231230145132,29,empty,added_80
image_20231230145132,30,empty,added_80
image_20231230145132,31,empty,added_80
image_20231230145132,32,occupied,added_80
image_20231230145132,33,empty,added_80
image_20231230145132,34,occupied,added_80
image_20231230145132,35,empty,added_80
image_20231230145132,36,empty,added_80
image_20231230145132,37,empty,added_80
image_20231230145132,38,empty,added_80
image_20231230145132,39,empty,added_80
image_20231230145132,40,empty,added_80
image_20231230145132,41,empty,added_80
image_20231230145132,42,empty,added_80
image_20231230145132,43,empty,added_80
image_20231230145132,44,empty,added_80
image_20231230145132,45,empty,added_80
image_20231230145132,46,empty,added_80
image_20231230145132,47,empty,added_80
image_20231230145132,48,empty,added_80
image_20231230145132,49,empty,added_80
image_20231230145132,50,empty,added_80
image_20231230145132,51,empty,added_80
image_20231230145132,52,empty,added_80
image_20231230145132,53,empty,added_80
image_20231230145132,54,empty,added_80
image_20231230145132,55,empty,added_80
image_20231230145132,56,empty,added_80
image_20231230145132,57,empty,added_80
image_20231230145132,58,empty,added_80
image_20231230145132,59,empty,added_80
image_20231230145132,60,empty,added_80
image_20231230145132,61,empty,added_80
image_20231230145132,62,empty,added_80
image_20231230145132,63,empty,added_80
image_20231230145132,64,empty,added_80
image_20231230145132,65,empty,added_80
image_20231230145132,66,empty,added_80
image_20231230145132,67,empty,added_80
image_20231230145132,68,empty,added_80
image_20231230145132,69,empty,added_80
image_20231230145132,70,empty,added_80
image_20231230145132,71,empty,added_80
image_20231230145132,72,empty,added_80
image_20231230145132,73,empty,added_80
image_20231230145132,74,empty,added_80
image_20231230145132,75,empty,added_80
image_20231230145132,76,occupied,added_80
image_20231230145132,77,empty,added_80
image_20231230145132,78,empty,added_80
image_20231230145132,79,empty,added_80
image_20231230145132,80,empty,added_80
image_20231230145132,81,empty,added_80
image_20231230145132,82,empty,added_80
image_20240110135014,1,empty,added_80
image_20240110135014,2,occupied,added_80
image_20240110135014,3,empty,added_80
image_20240110135014,4,occupied,added_80
image_20240110135014,5,occupied,added_80
image_20240110135014,6,occupied,added_80
image_20240110135014,7,occupied,added_80
image_20240110135014,8,occupied,added_80
image_20240110135014,9,occupied,added_80
image_20240110135014,10,occupied,added_80
image_20240110135014,11,occupied,added_80
image_20240110135014,12,occupied,added_80
image_20240110135014,13,occupied,added_80
image_20240110135014,14,occupied,added_80
image_20240110135014,15,occupied,added_80
image_20240110135014,16,occupied,added_80
image_20240110135014,17,occupied,added_80
image_20240110135014,18,occupied,added_80
image_20240110135014,19,occupied,added_80
image_20240110135014,20,occupied,added_80
image_20240110135014,21,occupied,added_80
image_20240110135014,22,occupied,added_80
image_20240110135014,23,occupied,added_80
image_20240110135014,24,occupied,added_80
image_20240110135014,25,occupied,added_80
image_20240110135014,26,occupied,added_80
image_20240110135014,27,occupied,added_80
image_20240110135014,28,occupied,added_80
image_20240110135014,29,occupied,added_80
image_20240110135014,30,occupied,added_80
image_20240110135014,31,occupied,added_80
image_20240110135014,32,occupied,added_80
image_20240110135014,33,occupied,added_80
image_20240110135014,34,occupied,added_80
image_20240110135014,35,occupied,added_80
image_20240110135014,36,occupied,added_80
image_20240110135014,37,occupied,added_80
image_20240110135014,38,occupied,added_80
image_20240110135014,39,occupied,added_80
image_20240110135014,40,occupied,added_80
image_20240110135014,41,occupied,added_80
image_20240110135014,42,occupied,added_80
image_20240110135014,43,occupied,added_80
image_20240110135014,44,occupied,added_80
image_20240110135014,45,occupied,added_80
image_20240110135014,46,occupied,added_80
image_20240110135014,47,occupied,added_80
image_20240110135014,48,occupied,added_80
image_20240110135014,49,occupied,added_80
image_20240110135014,50,empty,added_80
image_20240110135014,51,empty,added_80
image_20240110135014,52,empty,added_80
image_20240110135014,53,occupied,added_80
image_20240110135014,54,empty,added_80
image_20240110135014,55,empty,added_80
image_20240110135014,56,empty,added_80
image_20240110135014,57,empty,added_80
image_20240110135014,58,empty,added_80
image_20240110135014,59,occupied,added_80
image_20240110135014,60,occupied,added_80
image_20240110135014,61,occupied,added_80
image_20240110135014,62,occupied,added_80
image_20240110135014,63,occupied,added_80
image_20240110135014,64,occupied,added_80
image_20240110135014,65,occupied,added_80
image_20240110135014,66,occupied,added_80
image_20240110135014,67,empty,added_80
image_20240110135014,68,occupied,added_80
image_20240110135014,69,occupied,added_80
image_20240110135014,70,occupied,added_80
image_20240110135014,71,occupied,added_80
image_20240110135014,72,occupied,added_80
image_20240110135014,73,empty,added_80
image_20240110135014,74,empty,added_80
image_20240110135014,75,occupied,added_80
image_20240110135014,76,occupied,added_80
image_20240110135014,77,occupied,added_80
image_20240110135014,78,occupied,added_80
image_20240110135014,79,occupied,added_80
image_20240110135014,80,empty,added_80
image_20240110135014,81,empty,added_80
image_20240110135014,82,empty,added_80
image_20240130075655,1,empty,added_80
image_20240130075655,2,empty,added_80
image_20240130075655,3,empty,added_80
image_20240130075655,4,empty,added_80
image_20240130075655,5,empty,added_80
image_20240130075655,6,empty,added_80
image_20240130075655,7,empty,added_80
image_20240130075655,8,empty,added_80
image_20240130075655,9,empty,added_80
image_20240130075655,10,occupied,added_80
image_20240130075655,11,empty,added_80
image_20240130075655,12,empty,added_80
image_20240130075655,13,empty,added_80
image_20240130075655,14,occupied,added_80
image_20240130075655,15,empty,added_80
image_20240130075655,16,empty,added_80
image_20240130075655,17,occupied,added_80
image_20240130075655,18,empty,added_80
image_20240130075655,19,empty,added_80
image_20240130075655,20,empty,added_80
image_20240130075655,21,empty,added_80
image_20240130075655,22,empty,added_80
image_20240130075655,23,empty,added_80
image_20240130075655,24,empty,added_80
image_20240130075655,25,empty,added_80
image_20240130075655,26,empty,added_80
image_20240130075655,27,empty,added_80
image_20240130075655,28,occupied,added_80
image_20240130075655,29,empty,added_80
image_20240130075655,30,empty,added_80
image_20240130075655,31,occupied,added_80
image_20240130075655,32,empty,added_80
image_20240130075655,33,empty,added_80
image_20240130075655,34,empty,added_80
image_20240130075655,35,empty,added_80
image_20240130075655,36,empty,added_80
image_20240130075655,37,empty,added_80
image_20240130075655,38,empty,added_80
image_20240130075655,39,empty,added_80
image_20240130075655,40,empty,added_80
image_20240130075655,41,empty,added_80
image_20240130075655,42,empty,added_80
image_20240130075655,43,empty,added_80
image_20240130075655,44,empty,added_80
image_20240130075655,45,empty,added_80
image_20240130075655,46,empty,added_80
image_20240130075655,47,empty,added_80
image_20240130075655,48,empty,added_80
image_20240130075655,49,empty,added_80
image_20240130075655,50,empty,added_80
image_20240130075655,51,empty,added_80
image_20240130075655,52,empty,added_80
image_20240130075655,53,empty,added_80
image_20240130075655,54,empty,added_80
image_20240130075655,55,empty,added_80
image_20240130075655,56,empty,added_80
image_20240130075655,57,empty,added_80
image_20240130075655,58,empty,added_80
image_20240130075655,59,empty,added_80
image_20240130075655,60,empty,added_80
image_20240130075655,61,empty,added_80
image_20240130075655,62,empty,added_80
image_20240130075655,63,occupied,added_80
image_20240130075655,64,empty,added_80
image_20240130075655,65,empty,added_80
image_20240130075655,66,occupied,added_80
image_20240130075655,67,empty,added_80
image_20240130075655,68,empty,added_80
image_20240130075655,69,empty,added_80
image_20240130075655,70,empty,added_80
image_20240130075655,71,empty,added_80
image_20240130075655,72,occupied,added_80
image_20240130075655,73,empty,added_80
image_20240130075655,74,empty,added_80
image_20240130075655,75,occupied,added_80
image_20240130075655,76,occupied,added_80
image_20240130075655,77,occupied,added_80
image_20240130075655,78,occupied,added_80
image_20240130075655,79,occupied,added_80
image_20240130075655,80,empty,added_80
image_20240130075655,81,empty,added_80
image_20240130075655,82,empty,added_80
image_20240309103408,1,empty,added_80
image_20240309103408,2,empty,added_80
image_20240309103408,3,empty,added_80
image_20240309103408,4,empty,added_80
image_20240309103408,5,empty,added_80
image_20240309103408,6,empty,added_80
image_20240309103408,7,empty,added_80
image_20240309103408,8,empty,added_80
image_20240309103408,9,empty,added_80
image_20240309103408,10,empty,added_80
image_20240309103408,11,empty,added_80
image_20240309103408,12,occupied,added_80
image_20240309103408,13,empty,added_80
image_20240309103408,14,empty,added_80
image_20240309103408,15,empty,added_80
image_20240309103408,16,empty,added_80
image_20240309103408,17,empty,added_80
image_20240309103408,18,empty,added_80
image_20240309103408,19,empty,added_80
image_20240309103408,20,empty,added_80
image_20240309103408,21,empty,added_80
image_20240309103408,22,empty,added_80
image_20240309103408,23,empty,added_80
image_20240309103408,24,empty,added_80
image_20240309103408,25,empty,added_80
image_20240309103408,26,empty,added_80
image_20240309103408,27,empty,added_80
image_20240309103408,28,empty,added_80
image_20240309103408,29,empty,added_80
image_20240309103408,30,occupied,added_80
image_20240309103408,31,empty,added_80
image_20240309103408,32,empty,added_80
image_20240309103408,33,empty,added_80
image_20240309103408,34,occupied,added_80
image_20240309103408,35,empty,added_80
image_20240309103408,36,empty,added_80
image_20240309103408,37,empty,added_80
image_20240309103408,38,empty,added_80
image_20240309103408,39,empty,added_80
image_20240309103408,40,empty,added_80
image_20240309103408,41,empty,added_80
image_20240309103408,42,empty,added_80
image_20240309103408,43,empty,added_80
image_20240309103408,44,empty,added_80
image_20240309103408,45,empty,added_80
image_20240309103408,46,empty,added_80
image_20240309103408,47,empty,added_80
image_20240309103408,48,empty,added_80
image_20240309103408,49,empty,added_80
image_20240309103408,50,empty,added_80
image_20240309103408,51,empty,added_80
image_20240309103408,52,empty,added_80
image_20240309103408,53,empty,added_80
image_20240309103408,54,empty,added_80
image_20240309103408,55,empty,added_80
image_20240309103408,56,empty,added_80
image_20240309103408,57,empty,added_80
image_20240309103408,58,empty,added_80
image_20240309103408,59,occupied,added_80
image_20240309103408,60,empty,added_80
image_20240309103408,61,empty,added_80
image_20240309103408,62,empty,added_80
image_20240309103408,63,empty,added_80
image_20240309103408,64,empty,added_80
image_20240309103408,65,empty,added_80
image_20240309103408,66,empty,added_80
image_20240309103408,67,empty,added_80
image_20240309103408,68,empty,added_80
image_20240309103408,69,empty,added_80
image_20240309103408,70,empty,added_80
image_20240309103408,71,empty,added_80
image_20240309103408,72,empty,added_80
image_20240309103408,73,empty,added_80
image_20240309103408,74,empty,added_80
image_20240309103408,75,empty,added_80
image_20240309103408,76,empty,added_80
image_20240309103408,77,empty,added_80
image_20240309103408,78,empty,added_80
image_20240309103408,79,empty,added_80
image_20240309103408,80,empty,added_80
image_20240309103408,81,empty,added_80
image_20240309103408,82,empty,added_80
image_20240309152545,1,empty,added_80
image_20240309152545,2,empty,added_80
image_20240309152545,3,empty,added_80
image_20240309152545,4,empty,added_80
image_20240309152545,5,empty,added_80
image_20240309152545,6,empty,added_80
image_20240309152545,7,empty,added_80
image_20240309152545,8,empty,added_80
image_20240309152545,9,empty,added_80
image_20240309152545,10,empty,added_80
image_20240309152545,11,occupied,added_80
image_20240309152545,12,empty,added_80
image_20240309152545,13,empty,added_80
image_20240309152545,14,empty,added_80
image_20240309152545,15,empty,added_80
image_20240309152545,16,empty,added_80
image_20240309152545,17,empty,added_80
image_20240309152545,18,empty,added_80
image_20240309152545,19,empty,added_80
image_20240309152545,20,empty,added_80
image_20240309152545,21,empty,added_80
image_20240309152545,22,empty,added_80
image_20240309152545,23,empty,added_80
image_20240309152545,24,empty,added_80
image_20240309152545,25,empty,added_80
image_20240309152545,26,empty,added_80
image_20240309152545,27,empty,added_80
image_20240309152545,28,empty,added_80
image_20240309152545,29,empty,added_80
image_20240309152545,30,empty,added_80
image_20240309152545,31,empty,added_80
image_20240309152545,32,empty,added_80
image_20240309152545,33,empty,added_80
image_20240309152545,34,occupied,added_80
image_20240309152545,35,empty,added_80
image_20240309152545,36,empty,added_80
image_20240309152545,37,empty,added_80
image_20240309152545,38,empty,added_80
image_20240309152545,39,empty,added_80
image_20240309152545,40,empty,added_80
image_20240309152545,41,empty,added_80
image_20240309152545,42,empty,added_80
image_20240309152545,43,empty,added_80
image_20240309152545,44,empty,added_80
image_20240309152545,45,empty,added_80
image_20240309152545,46,empty,added_80
image_20240309152545,47,empty,added_80
image_20240309152545,48,empty,added_80
image_20240309152545,49,empty,added_80
image_20240309152545,50,empty,added_80
image_20240309152545,51,empty,added_80
image_20240309152545,52,empty,added_80
image_20240309152545,53,empty,added_80
image_20240309152545,54,empty,added_80
image_20240309152545,55,empty,added_80
image_20240309152545,56,empty,added_80
image_20240309152545,57,empty,added_80
image_20240309152545,58,empty,added_80
image_20240309152545,59,occupied,added_80
image_20240309152545,60,empty,added_80
image_20240309152545,61,empty,added_80
image_20240309152545,62,empty,added_80
image_20240309152545,63,empty,added_80
image_20240309152545,64,empty,added_80
image_20240309152545,65,empty,added_80
image_20240309152545,66,empty,added_80
image_20240309152545,67,empty,added_80
image_20240309152545,68,empty,added_80
image_20240309152545,69,empty,added_80
image_20240309152545,70,empty,added_80
image_20240309152545,71,empty,added_80
image_20240309152545,72,empty,added_80
image_20240309152545,73,empty,added_80
image_20240309152545,74,empty,added_80
image_20240309152545,75,empty,added_80
image_20240309152545,76,empty,added_80
image_20240309152545,77,empty,added_80
image_20240309152545,78,empty,added_80
image_20240309152545,79,occupied,added_80
image_20240309152545,80,empty,added_80
image_20240309152545,81,empty,added_80
image_20240309152545,82,empty,added_80
image_20231228092223,1,empty,added_80
image_20231228092223,2,empty,added_80
image_20231228092223,3,empty,added_80
image_20231228092223,4,empty,added_80
image_20231228092223,5,empty,added_80
image_20231228092223,6,empty,added_80
image_20231228092223,7,empty,added_80
image_20231228092223,8,empty,added_80
image_20231228092223,9,empty,added_80
image_20231228092223,10,empty,added_80
image_20231228092223,11,empty,added_80
image_20231228092223,12,empty,added_80
image_20231228092223,13,empty,added_80
image_20231228092223,14,occupied,added_80
image_20231228092223,15,occupied,added_80
image_20231228092223,16,occupied,added_80
image_20231228092223,17,occupied,added_80
image_20231228092223,18,occupied,added_80
image_20231228092223,19,occupied,added_80
image_20231228092223,20,occupied,added_80
image_20231228092223,21,empty,added_80
image_20231228092223,22,empty,added_80
image_20231228092223,23,empty,added_80
image_20231228092223,24,empty,added_80
image_20231228092223,25,empty,added_80
image_20231228092223,26,empty,added_80
image_20231228092223,27,empty,added_80
image_20231228092223,28,empty,added_80
image_20231228092223,29,empty,added_80
image_20231228092223,30,occupied,added_80
image_20231228092223,31,occupied,added_80
image_20231228092223,32,occupied,added_80
image_20231228092223,33,occupied,added_80
image_20231228092223,34,occupied,added_80
image_20231228092223,35,occupied,added_80
image_20231228092223,36,empty,added_80
image_20231228092223,37,empty,added_80
image_20231228092223,38,empty,added_80
image_20231228092223,39,empty,added_80
image_20231228092223,40,empty,added_80
image_20231228092223,41,empty,added_80
image_20231228092223,42,empty,added_80
image_20231228092223,43,empty,added_80
image_20231228092223,44,empty,added_80
image_20231228092223,45,empty,added_80
image_20231228092223,46,empty,added_80
image_20231228092223,47,empty,added_80
image_20231228092223,48,empty,added_80
image_20231228092223,49,empty,added_80
image_20231228092223,50,occupied,added_80
image_20231228092223,51,empty,added_80
image_20231228092223,52,empty,added_80
image_20231228092223,53,empty,added_80
image_20231228092223,54,empty,added_80
image_20231228092223,55,empty,added_80
image_20231228092223,56,empty,added_80
image_20231228092223,57,empty,added_80
image_20231228092223,58,empty,added_80
image_20231228092223,59,empty,added_80
image_20231228092223,60,empty,added_80
image_20231228092223,61,empty,added_80
image_20231228092223,62,empty,added_80
image_20231228092223,63,empty,added_80
image_20231228092223,64,occupied,added_80
image_20231228092223,65,empty,added_80
image_20231228092223,66,empty,added_80
image_20231228092223,67,empty,added_80
image_20231228092223,68,empty,added_80
image_20231228092223,69,empty,added_80
image_20231228092223,70,empty,added_80
image_20231228092223,71,occupied,added_80
image_20231228092223,72,occupied,added_80
image_20231228092223,73,occupied,added_80
image_20231228092223,74,occupied,added_80
image_20231228092223,75,occupied,added_80
image_20231228092223,76,occupied,added_80
image_20231228092223,77,occupied,added_80
image_20231228092223,78,occupied,added_80
image_20231228092223,79,occupied,added_80
image_20231228092223,80,empty,added_80
image_20231228092223,81,empty,added_80
image_20231228092223,82,empty,added_80
image_20240309143528,1,empty,added_80
image_20240309143528,2,empty,added_80
image_20240309143528,3,empty,added_80
image_20240309143528,4,empty,added_80
image_20240309143528,5,empty,added_80
image_20240309143528,6,empty,added_80
image_20240309143528,7,empty,added_80
image_20240309143528,8,empty,added_80
image_20240309143528,9,empty,added_80
image_20240309143528,10,empty,added_80
image_20240309143528,11,occupied,added_80
image_20240309143528,12,empty,added_80
image_20240309143528,13,empty,added_80
image_20240309143528,14,empty,added_80
image_20240309143528,15,empty,added_80
image_20240309143528,16,empty,added_80
image_20240309143528,17,empty,added_80
image_20240309143528,18,empty,added_80
image_20240309143528,19,empty,added_80
image_20240309143528,20,empty,added_80
image_20240309143528,21,empty,added_80
image_20240309143528,22,empty,added_80
image_20240309143528,23,empty,added_80
image_20240309143528,24,empty,added_80
image_20240309143528,25,empty,added_80
image_20240309143528,26,empty,added_80
image_20240309143528,27,empty,added_80
image_20240309143528,28,empty,added_80
image_20240309143528,29,empty,added_80
image_20240309143528,30,empty,added_80
image_20240309143528,31,empty,added_80
image_20240309143528,32,empty,added_80
image_20240309143528,33,empty,added_80
image_20240309143528,34,occupied,added_80
image_20240309143528,35,empty,added_80
image_20240309143528,36,empty,added_80
image_20240309143528,37,empty,added_80
image_20240309143528,38,empty,added_80
image_20240309143528,39,empty,added_80
image_20240309143528,40,empty,added_80
image_20240309143528,41,empty,added_80
image_20240309143528,42,empty,added_80
image_20240309143528,43,empty,added_80
image_20240309143528,44,empty,added_80
image_20240309143528,45,empty,added_80
image_20240309143528,46,empty,added_80
image_20240309143528,47,empty,added_80
image_20240309143528,48,empty,added_80
image_20240309143528,49,empty,added_80
image_20240309143528,50,empty,added_80
image_20240309143528,51,empty,added_80
image_20240309143528,52,empty,added_80
image_20240309143528,53,empty,added_80
image_20240309143528,54,empty,added_80
image_20240309143528,55,empty,added_80
image_20240309143528,56,empty,added_80
image_20240309143528,57,empty,added_80
image_20240309143528,58,empty,added_80
image_20240309143528,59,occupied,added_80
image_20240309143528,60,empty,added_80
image_20240309143528,61,empty,added_80
image_20240309143528,62,empty,added_80
image_20240309143528,63,empty,added_80
image_20240309143528,64,empty,added_80
image_20240309143528,65,empty,added_80
image_20240309143528,66,empty,added_80
image_20240309143528,67,empty,added_80
image_20240309143528,68,empty,added_80
image_20240309143528,69,empty,added_80
image_20240309143528,70,empty,added_80
image_20240309143528,71,empty,added_80
image_20240309143528,72,empty,added_80
image_20240309143528,73,empty,added_80
image_20240309143528,74,empty,added_80
image_20240309143528,75,empty,added_80
image_20240309143528,76,empty,added_80
image_20240309143528,77,empty,added_80
image_20240309143528,78,empty,added_80
image_20240309143528,79,occupied,added_80
image_20240309143528,80,empty,added_80
image_20240309143528,81,empty,added_80
image_20240309143528,82,empty,added_80
image_20240123103310,1,empty,added_80
image_20240123103310,2,empty,added_80
image_20240123103310,3,empty,added_80
image_20240123103310,4,empty,added_80
image_20240123103310,5,occupied,added_80
image_20240123103310,6,occupied,added_80
image_20240123103310,7,occupied,added_80
image_20240123103310,8,occupied,added_80
image_20240123103310,9,occupied,added_80
image_20240123103310,10,occupied,added_80
image_20240123103310,11,occupied,added_80
image_20240123103310,12,occupied,added_80
image_20240123103310,13,occupied,added_80
image_20240123103310,14,occupied,added_80
image_20240123103310,15,occupied,added_80
image_20240123103310,16,occupied,added_80
image_20240123103310,17,occupied,added_80
image_20240123103310,18,occupied,added_80
image_20240123103310,19,occupied,added_80
image_20240123103310,20,occupied,added_80
image_20240123103310,21,occupied,added_80
image_20240123103310,22,occupied,added_80
image_20240123103310,23,occupied,added_80
image_20240123103310,24,occupied,added_80
image_20240123103310,25,occupied,added_80
image_20240123103310,26,occupied,added_80
image_20240123103310,27,empty,added_80
image_20240123103310,28,empty,added_80
image_20240123103310,29,empty,added_80
image_20240123103310,30,occupied,added_80
image_20240123103310,31,empty,added_80
image_20240123103310,32,occupied,added_80
image_20240123103310,33,occupied,added_80
image_20240123103310,34,occupied,added_80
image_20240123103310,35,occupied,added_80
image_20240123103310,36,occupied,added_80
image_20240123103310,37,occupied,added_80
image_20240123103310,38,occupied,added_80
image_20240123103310,39,occupied,added_80
image_20240123103310,40,occupied,added_80
image_20240123103310,41,occupied,added_80
image_20240123103310,42,occupied,added_80
image_20240123103310,43,occupied,added_80
image_20240123103310,44,occupied,added_80
image_20240123103310,45,occupied,added_80
image_20240123103310,46,occupied,added_80
image_20240123103310,47,empty,added_80
image_20240123103310,48,empty,added_80
image_20240123103310,49,occupied,added_80
image_20240123103310,50,empty,added_80
image_20240123103310,51,empty,added_80
image_20240123103310,52,empty,added_80
image_20240123103310,53,empty,added_80
image_20240123103310,54,empty,added_80
image_20240123103310,55,empty,added_80
image_20240123103310,56,empty,added_80
image_20240123103310,57,empty,added_80
image_20240123103310,58,empty,added_80
image_20240123103310,59,empty,added_80
image_20240123103310,60,occupied,added_80
image_20240123103310,61,empty,added_80
image_20240123103310,62,occupied,added_80
image_20240123103310,63,occupied,added_80
image_20240123103310,64,occupied,added_80
image_20240123103310,65,occupied,added_80
image_20240123103310,66,occupied,added_80
image_20240123103310,67,occupied,added_80
image_20240123103310,68,occupied,added_80
image_20240123103310,69,occupied,added_80
image_20240123103310,70,occupied,added_80
image_20240123103310,71,occupied,added_80
image_20240123103310,72,occupied,added_80
image_20240123103310,73,occupied,added_80
image_20240123103310,74,occupied,added_80
image_20240123103310,75,occupied,added_80
image_20240123103310,76,occupied,added_80
image_20240123103310,77,occupied,added_80
image_20240123103310,78,occupied,added_80
image_20240123103310,79,occupied,added_80
image_20240123103310,80,empty,added_80
image_20240123103310,81,empty,added_80
image_20240123103310,82,empty,added_80
image_20240123143430,1,empty,added_80
image_20240123143430,2,empty,added_80
image_20240123143430,3,empty,added_80
image_20240123143430,4,occupied,added_80
image_20240123143430,5,occupied,added_80
image_20240123143430,6,occupied,added_80
image_20240123143430,7,occupied,added_80
image_20240123143430,8,occupied,added_80
image_20240123143430,9,occupied,added_80
image_20240123143430,10,occupied,added_80
image_20240123143430,11,occupied,added_80
image_20240123143430,12,occupied,added_80
image_20240123143430,13,occupied,added_80
image_20240123143430,14,occupied,added_80
image_20240123143430,15,occupied,added_80
image_20240123143430,16,occupied,added_80
image_20240123143430,17,occupied,added_80
image_20240123143430,18,occupied,added_80
image_20240123143430,19,occupied,added_80
image_20240123143430,20,empty,added_80
image_20240123143430,21,occupied,added_80
image_20240123143430,22,empty,added_80
image_20240123143430,23,empty,added_80
image_20240123143430,24,occupied,added_80
image_20240123143430,25,occupied,added_80
image_20240123143430,26,occupied,added_80
image_20240123143430,27,occupied,added_80
image_20240123143430,28,empty,added_80
image_20240123143430,29,occupied,added_80
image_20240123143430,30,occupied,added_80
image_20240123143430,31,occupied,added_80
image_20240123143430,32,occupied,added_80
image_20240123143430,33,occupied,added_80
image_20240123143430,34,occupied,added_80
image_20240123143430,35,occupied,added_80
image_20240123143430,36,occupied,added_80
image_20240123143430,37,occupied,added_80
image_20240123143430,38,occupied,added_80
image_20240123143430,39,occupied,added_80
image_20240123143430,40,empty,added_80
image_20240123143430,41,occupied,added_80
image_20240123143430,42,occupied,added_80
image_20240123143430,43,occupied,added_80
image_20240123143430,44,occupied,added_80
image_20240123143430,45,occupied,added_80
image_20240123143430,46,empty,added_80
image_20240123143430,47,occupied,added_80
image_20240123143430,48,occupied,added_80
image_20240123143430,49,occupied,added_80
image_20240123143430,50,empty,added_80
image_20240123143430,51,occupied,added_80
image_20240123143430,52,empty,added_80
image_20240123143430,53,empty,added_80
image_20240123143430,54,empty,added_80
image_20240123143430,55,empty,added_80
image_20240123143430,56,empty,added_80
image_20240123143430,57,empty,added_80
image_20240123143430,58,occupied,added_80
image_20240123143430,59,occupied,added_80
image_20240123143430,60,occupied,added_80
image_20240123143430,61,occupied,added_80
image_20240123143430,62,occupied,added_80
image_20240123143430,63,occupied,added_80
image_20240123143430,64,occupied,added_80
image_20240123143430,65,occupied,added_80
image_20240123143430,66,occupied,added_80
image_20240123143430,67,occupied,added_80
image_20240123143430,68,occupied,added_80
image_20240123143430,69,occupied,added_80
image_20240123143430,70,occupied,added_80
image_20240123143430,71,occupied,added_80
image_20240123143430,72,occupied,added_80
image_20240123143430,73,occupied,added_80
image_20240123143430,74,empty,added_80
image_20240123143430,75,occupied,added_80
image_20240123143430,76,occupied,added_80
image_20240123143430,77,occupied,added_80
image_20240123143430,78,occupied,added_80
image_20240123143430,79,occupied,added_80
image_20240123143430,80,empty,added_80
image_20240123143430,81,empty,added_80
image_20240123143430,82,empty,added_80
image_20240225101854,1,empty,added_80
image_20240225101854,2,empty,added_80
image_20240225101854,3,occupied,added_80
image_20240225101854,4,empty,added_80
image_20240225101854,5,empty,added_80
image_20240225101854,6,empty,added_80
image_20240225101854,7,empty,added_80
image_20240225101854,8,empty,added_80
image_20240225101854,9,empty,added_80
image_20240225101854,10,empty,added_80
image_20240225101854,11,empty,added_80
image_20240225101854,12,empty,added_80
image_20240225101854,13,occupied,added_80
image_20240225101854,14,occupied,added_80
image_20240225101854,15,empty,added_80
image_20240225101854,16,empty,added_80
image_20240225101854,17,occupied,added_80
image_20240225101854,18,occupied,added_80
image_20240225101854,19,occupied,added_80
image_20240225101854,20,empty,added_80
image_20240225101854,21,empty,added_80
image_20240225101854,22,empty,added_80
image_20240225101854,23,empty,added_80
image_20240225101854,24,empty,added_80
image_20240225101854,25,empty,added_80
image_20240225101854,26,empty,added_80
image_20240225101854,27,empty,added_80
image_20240225101854,28,empty,added_80
image_20240225101854,29,empty,added_80
image_20240225101854,30,occupied,added_80
image_20240225101854,31,occupied,added_80
image_20240225101854,32,empty,added_80
image_20240225101854,33,empty,added_80
image_20240225101854,34,empty,added_80
image_20240225101854,35,occupied,added_80
image_20240225101854,36,empty,added_80
image_20240225101854,37,empty,added_80
image_20240225101854,38,empty,added_80
image_20240225101854,39,empty,added_80
image_20240225101854,40,empty,added_80
image_20240225101854,41,empty,added_80
image_20240225101854,42,empty,added_80
image_20240225101854,43,empty,added_80
image_20240225101854,44,empty,added_80
image_20240225101854,45,empty,added_80
image_20240225101854,46,empty,added_80
image_20240225101854,47,empty,added_80
image_20240225101854,48,empty,added_80
image_20240225101854,49,empty,added_80
image_20240225101854,50,empty,added_80
image_20240225101854,51,empty,added_80
image_20240225101854,52,empty,added_80
image_20240225101854,53,empty,added_80
image_20240225101854,54,empty,added_80
image_20240225101854,55,empty,added_80
image_20240225101854,56,empty,added_80
image_20240225101854,57,empty,added_80
image_20240225101854,58,empty,added_80
image_20240225101854,59,empty,added_80
image_20240225101854,60,empty,added_80
image_20240225101854,61,empty,added_80
image_20240225101854,62,empty,added_80
image_20240225101854,63,empty,added_80
image_20240225101854,64,empty,added_80
image_20240225101854,65,empty,added_80
image_20240225101854,66,empty,added_80
image_20240225101854,67,empty,added_80
image_20240225101854,68,empty,added_80
image_20240225101854,69,empty,added_80
image_20240225101854,70,empty,added_80
image_20240225101854,71,empty,added_80
image_20240225101854,72,occupied,added_80
image_20240225101854,73,occupied,added_80
image_20240225101854,74,occupied,added_80
image_20240225101854,75,empty,added_80
image_20240225101854,76,occupied,added_80
image_20240225101854,77,occupied,added_80
image_20240225101854,78,empty,added_80
image_20240225101854,79,empty,added_80
image_20240225101854,80,empty,added_80
image_20240225101854,81,empty,added_80
image_20240225101854,82,empty,added_80
image_20240130123828,1,empty,added_80
image_20240130123828,2,empty,added_80
image_20240130123828,3,occupied,added_80
image_20240130123828,4,occupied,added_80
image_20240130123828,5,occupied,added_80
image_20240130123828,6,occupied,added_80
image_20240130123828,7,empty,added_80
image_20240130123828,8,occupied,added_80
image_20240130123828,9,occupied,added_80
image_20240130123828,10,occupied,added_80
image_20240130123828,11,occupied,added_80
image_20240130123828,12,occupied,added_80
image_20240130123828,13,occupied,added_80
image_20240130123828,14,occupied,added_80
image_20240130123828,15,empty,added_80
image_20240130123828,16,occupied,added_80
image_20240130123828,17,occupied,added_80
image_20240130123828,18,occupied,added_80
image_20240130123828,19,occupied,added_80
image_20240130123828,20,occupied,added_80
image_20240130123828,21,occupied,added_80
image_20240130123828,22,occupied,added_80
image_20240130123828,23,occupied,added_80
image_20240130123828,24,occupied,added_80
image_20240130123828,25,empty,added_80
image_20240130123828,26,occupied,added_80
image_20240130123828,27,occupied,added_80
image_20240130123828,28,occupied,added_80
image_20240130123828,29,empty,added_80
image_20240130123828,30,occupied,added_80
image_20240130123828,31,occupied,added_80
image_20240130123828,32,occupied,added_80
image_20240130123828,33,occupied,added_80
image_20240130123828,34,occupied,added_80
image_20240130123828,35,occupied,added_80
image_20240130123828,36,occupied,added_80
image_20240130123828,37,occupied,added_80
image_20240130123828,38,occupied,added_80
image_20240130123828,39,occupied,added_80
image_20240130123828,40,occupied,added_80
image_20240130123828,41,occupied,added_80
image_20240130123828,42,occupied,added_80
image_20240130123828,43,occupied,added_80
image_20240130123828,44,occupied,added_80
image_20240130123828,45,occupied,added_80
image_20240130123828,46,occupied,added_80
image_20240130123828,47,occupied,added_80
image_20240130123828,48,occupied,added_80
image_20240130123828,49,occupied,added_80
image_20240130123828,50,occupied,added_80
image_20240130123828,51,occupied,added_80
image_20240130123828,52,empty,added_80
image_20240130123828,53,empty,added_80
image_20240130123828,54,empty,added_80
image_20240130123828,55,empty,added_80
image_20240130123828,56,empty,added_80
image_20240130123828,57,empty,added_80
image_20240130123828,58,empty,added_80
image_20240130123828,59,occupied,added_80
image_20240130123828,60,occupied,added_80
image_20240130123828,61,occupied,added_80
image_20240130123828,62,occupied,added_80
image_20240130123828,63,occupied,added_80
image_20240130123828,64,empty,added_80
image_20240130123828,65,occupied,added_80
image_20240130123828,66,occupied,added_80
image_20240130123828,67,occupied,added_80
image_20240130123828,68,occupied,added_80
image_20240130123828,69,occupied,added_80
image_20240130123828,70,occupied,added_80
image_20240130123828,71,occupied,added_80
image_20240130123828,72,occupied,added_80
image_20240130123828,73,occupied,added_80
image_20240130123828,74,occupied,added_80
image_20240130123828,75,occupied,added_80
image_20240130123828,76,occupied,added_80
image_20240130123828,77,occupied,added_80
image_20240130123828,78,occupied,added_80
image_20240130123828,79,occupied,added_80
image_20240130123828,80,empty,added_80
image_20240130123828,81,empty,added_80
image_20240130123828,82,empty,added_80
image_20240210132710,1,empty,added_80
image_20240210132710,2,empty,added_80
image_20240210132710,3,empty,added_80
image_20240210132710,4,empty,added_80
image_20240210132710,5,empty,added_80
image_20240210132710,6,empty,added_80
image_20240210132710,7,empty,added_80
image_20240210132710,8,empty,added_80
image_20240210132710,9,empty,added_80
image_20240210132710,10,empty,added_80
image_20240210132710,11,empty,added_80
image_20240210132710,12,empty,added_80
image_20240210132710,13,empty,added_80
image_20240210132710,14,empty,added_80
image_20240210132710,15,empty,added_80
image_20240210132710,16,empty,added_80
image_20240210132710,17,empty,added_80
image_20240210132710,18,empty,added_80
image_20240210132710,19,empty,added_80
image_20240210132710,20,empty,added_80
image_20240210132710,21,empty,added_80
image_20240210132710,22,empty,added_80
image_20240210132710,23,empty,added_80
image_20240210132710,24,empty,added_80
image_20240210132710,25,empty,added_80
image_20240210132710,26,empty,added_80
image_20240210132710,27,empty,added_80
image_20240210132710,28,empty,added_80
image_20240210132710,29,empty,added_80
image_20240210132710,30,empty,added_80
image_20240210132710,31,empty,added_80
image_20240210132710,32,empty,added_80
image_20240210132710,33,empty,added_80
image_20240210132710,34,empty,added_80
image_20240210132710,35,empty,added_80
image_20240210132710,36,empty,added_80
image_20240210132710,37,empty,added_80
image_20240210132710,38,empty,added_80
image_20240210132710,39,empty,added_80
image_20240210132710,40,empty,added_80
image_20240210132710,41,empty,added_80
image_20240210132710,42,empty,added_80
image_20240210132710,43,empty,added_80
image_20240210132710,44,empty,added_80
image_20240210132710,45,empty,added_80
image_20240210132710,46,empty,added_80
image_20240210132710,47,empty,added_80
image_20240210132710,48,empty,added_80
image_20240210132710,49,empty,added_80
image_20240210132710,50,empty,added_80
image_20240210132710,51,empty,added_80
image_20240210132710,52,empty,added_80
image_20240210132710,53,empty,added_80
image_20240210132710,54,empty,added_80
image_20240210132710,55,empty,added_80
image_20240210132710,56,empty,added_80
image_20240210132710,57,empty,added_80
image_20240210132710,58,empty,added_80
image_20240210132710,59,empty,added_80
image_20240210132710,60,empty,added_80
image_20240210132710,61,empty,added_80
image_20240210132710,62,empty,added_80
image_20240210132710,63,empty,added_80
image_20240210132710,64,empty,added_80
image_20240210132710,65,empty,added_80
image_20240210132710,66,empty,added_80
image_20240210132710,67,empty,added_80
image_20240210132710,68,empty,added_80
image_20240210132710,69,empty,added_80
image_20240210132710,70,empty,added_80
image_20240210132710,71,empty,added_80
image_20240210132710,72,empty,added_80
image_20240210132710,73,occupied,added_80
image_20240210132710,74,occupied,added_80
image_20240210132710,75,occupied,added_80
image_20240210132710,76,empty,added_80
image_20240210132710,77,occupied,added_80
image_20240210132710,78,occupied,added_80
image_20240210132710,79,occupied,added_80
image_20240210132710,80,empty,added_80
image_20240210132710,81,empty,added_80
image_20240210132710,82,empty,added_80
image_20240225142014,1,empty,added_80
image_20240225142014,2,empty,added_80
image_20240225142014,3,occupied,added_80
image_20240225142014,4,empty,added_80
image_20240225142014,5,empty,added_80
image_20240225142014,6,empty,added_80
image_20240225142014,7,empty,added_80
image_20240225142014,8,empty,added_80
image_20240225142014,9,empty,added_80
image_20240225142014,10,empty,added_80
image_20240225142014,11,empty,added_80
image_20240225142014,12,empty,added_80
image_20240225142014,13,occupied,added_80
image_20240225142014,14,occupied,added_80
image_20240225142014,15,empty,added_80
image_20240225142014,16,empty,added_80
image_20240225142014,17,occupied,added_80
image_20240225142014,18,occupied,added_80
image_20240225142014,19,occupied,added_80
image_20240225142014,20,empty,added_80
image_20240225142014,21,empty,added_80
image_20240225142014,22,empty,added_80
image_20240225142014,23,empty,added_80
image_20240225142014,24,empty,added_80
image_20240225142014,25,empty,added_80
image_20240225142014,26,empty,added_80
image_20240225142014,27,empty,added_80
image_20240225142014,28,empty,added_80
image_20240225142014,29,empty,added_80
image_20240225142014,30,occupied,added_80
image_20240225142014,31,occupied,added_80
image_20240225142014,32,empty,added_80
image_20240225142014,33,occupied,added_80
image_20240225142014,34,empty,added_80
image_20240225142014,35,empty,added_80
image_20240225142014,36,empty,added_80
image_20240225142014,37,empty,added_80
image_20240225142014,38,empty,added_80
image_20240225142014,39,empty,added_80
image_20240225142014,40,empty,added_80
image_20240225142014,41,empty,added_80
image_20240225142014,42,empty,added_80
image_20240225142014,43,empty,added_80
image_20240225142014,44,empty,added_80
image_20240225142014,45,empty,added_80
image_20240225142014,46,empty,added_80
image_20240225142014,47,empty,added_80
image_20240225142014,48,empty,added_80
image_20240225142014,49,empty,added_80
image_20240225142014,50,empty,added_80
image_20240225142014,51,empty,added_80
image_20240225142014,52,empty,added_80
image_20240225142014,53,empty,added_80
image_20240225142014,54,empty,added_80
image_20240225142014,55,empty,added_80
image_20240225142014,56,empty,added_80
image_20240225142014,57,empty,added_80
image_20240225142014,58,empty,added_80
image_20240225142014,59,empty,added_80
image_20240225142014,60,empty,added_80
image_20240225142014,61,empty,added_80
image_20240225142014,62,empty,added_80
image_20240225142014,63,empty,added_80
image_20240225142014,64,empty,added_80
image_20240225142014,65,empty,added_80
image_20240225142014,66,empty,added_80
image_20240225142014,67,empty,added_80
image_20240225142014,68,empty,added_80
image_20240225142014,69,empty,added_80
image_20240225142014,70,empty,added_80
image_20240225142014,71,empty,added_80
image_20240225142014,72,occupied,added_80
image_20240225142014,73,empty,added_80
image_20240225142014,74,empty,added_80
image_20240225142014,75,occupied,added_80
image_20240225142014,76,occupied,added_80
image_20240225142014,77,occupied,added_80
image_20240225142014,78,empty,added_80
image_20240225142014,79,empty,added_80
image_20240225142014,80,empty,added_80
image_20240225142014,81,empty,added_80
image_20240225142014,82,empty,added_80
image_20231230115032,1,empty,added_80
image_20231230115032,2,empty,added_80
image_20231230115032,3,empty,added_80
image_20231230115032,4,empty,added_80
image_20231230115032,5,empty,added_80
image_20231230115032,6,empty,added_80
image_20231230115032,7,empty,added_80
image_20231230115032,8,empty,added_80
image_20231230115032,9,empty,added_80
image_20231230115032,10,empty,added_80
image_20231230115032,11,empty,added_80
image_20231230115032,12,empty,added_80
image_20231230115032,13,empty,added_80
image_20231230115032,14,empty,added_80
image_20231230115032,15,empty,added_80
image_20231230115032,16,empty,added_80
image_20231230115032,17,empty,added_80
image_20231230115032,18,empty,added_80
image_20231230115032,19,empty,added_80
image_20231230115032,20,empty,added_80
image_20231230115032,21,empty,added_80
image_20231230115032,22,empty,added_80
image_20231230115032,23,empty,added_80
image_20231230115032,24,empty,added_80
image_20231230115032,25,empty,added_80
image_20231230115032,26,empty,added_80
image_20231230115032,27,empty,added_80
image_20231230115032,28,empty,added_80
image_20231230115032,29,empty,added_80
image_20231230115032,30,empty,added_80
image_20231230115032,31,empty,added_80
image_20231230115032,32,occupied,added_80
image_20231230115032,33,empty,added_80
image_20231230115032,34,occupied,added_80
image_20231230115032,35,empty,added_80
image_20231230115032,36,empty,added_80
image_20231230115032,37,empty,added_80
image_20231230115032,38,empty,added_80
image_20231230115032,39,empty,added_80
image_20231230115032,40,empty,added_80
image_20231230115032,41,empty,added_80
image_20231230115032,42,empty,added_80
image_20231230115032,43,empty,added_80
image_20231230115032,44,empty,added_80
image_20231230115032,45,empty,added_80
image_20231230115032,46,empty,added_80
image_20231230115032,47,empty,added_80
image_20231230115032,48,empty,added_80
image_20231230115032,49,empty,added_80
image_20231230115032,50,empty,added_80
image_20231230115032,51,empty,added_80
image_20231230115032,52,empty,added_80
image_20231230115032,53,empty,added_80
image_20231230115032,54,empty,added_80
image_20231230115032,55,empty,added_80
image_20231230115032,56,empty,added_80
image_20231230115032,57,empty,added_80
image_20231230115032,58,empty,added_80
image_20231230115032,59,empty,added_80
image_20231230115032,60,empty,added_80
image_20231230115032,61,empty,added_80
image_20231230115032,62,empty,added_80
image_20231230115032,63,empty,added_80
image_20231230115032,64,empty,added_80
image_20231230115032,65,empty,added_80
image_20231230115032,66,empty,added_80
image_20231230115032,67,empty,added_80
image_20231230115032,68,empty,added_80
image_20231230115032,69,empty,added_80
image_20231230115032,70,empty,added_80
image_20231230115032,71,empty,added_80
image_20231230115032,72,empty,added_80
image_20231230115032,73,empty,added_80
image_20231230115032,74,empty,added_80
image_20231230115032,75,empty,added_80
image_20231230115032,76,occupied,added_80
image_20231230115032,77,empty,added_80
image_20231230115032,78,empty,added_80
image_20231230115032,79,empty,added_80
image_20231230115032,80,empty,added_80
image_20231230115032,81,empty,added_80
image_20231230115032,82,empty,added_80
image_20240130102745,1,empty,added_80
image_20240130102745,2,empty,added_80
image_20240130102745,3,occupied,added_80
image_20240130102745,4,occupied,added_80
image_20240130102745,5,occupied,added_80
image_20240130102745,6,occupied,added_80
image_20240130102745,7,empty,added_80
image_20240130102745,8,occupied,added_80
image_20240130102745,9,occupied,added_80
image_20240130102745,10,occupied,added_80
image_20240130102745,11,occupied,added_80
image_20240130102745,12,occupied,added_80
image_20240130102745,13,occupied,added_80
image_20240130102745,14,occupied,added_80
image_20240130102745,15,occupied,added_80
image_20240130102745,16,occupied,added_80
image_20240130102745,17,occupied,added_80
image_20240130102745,18,occupied,added_80
image_20240130102745,19,occupied,added_80
image_20240130102745,20,occupied,added_80
image_20240130102745,21,occupied,added_80
image_20240130102745,22,occupied,added_80
image_20240130102745,23,empty,added_80
image_20240130102745,24,occupied,added_80
image_20240130102745,25,empty,added_80
image_20240130102745,26,occupied,added_80
image_20240130102745,27,occupied,added_80
image_20240130102745,28,occupied,added_80
image_20240130102745,29,empty,added_80
image_20240130102745,30,occupied,added_80
image_20240130102745,31,occupied,added_80
image_20240130102745,32,occupied,added_80
image_20240130102745,33,occupied,added_80
image_20240130102745,34,occupied,added_80
image_20240130102745,35,occupied,added_80
image_20240130102745,36,occupied,added_80
image_20240130102745,37,occupied,added_80
image_20240130102745,38,occupied,added_80
image_20240130102745,39,occupied,added_80
image_20240130102745,40,occupied,added_80
image_20240130102745,41,occupied,added_80
image_20240130102745,42,occupied,added_80
image_20240130102745,43,occupied,added_80
image_20240130102745,44,empty,added_80
image_20240130102745,45,empty,added_80
image_20240130102745,46,empty,added_80
image_20240130102745,47,empty,added_80
image_20240130102745,48,empty,added_80
image_20240130102745,49,empty,added_80
image_20240130102745,50,empty,added_80
image_20240130102745,51,empty,added_80
image_20240130102745,52,empty,added_80
image_20240130102745,53,empty,added_80
image_20240130102745,54,empty,added_80
image_20240130102745,55,empty,added_80
image_20240130102745,56,empty,added_80
image_20240130102745,57,empty,added_80
image_20240130102745,58,empty,added_80
image_20240130102745,59,empty,added_80
image_20240130102745,60,occupied,added_80
image_20240130102745,61,occupied,added_80
image_20240130102745,62,occupied,added_80
image_20240130102745,63,occupied,added_80
image_20240130102745,64,empty,added_80
image_20240130102745,65,occupied,added_80
image_20240130102745,66,occupied,added_80
image_20240130102745,67,occupied,added_80
image_20240130102745,68,occupied,added_80
image_20240130102745,69,occupied,added_80
image_20240130102745,70,occupied,added_80
image_20240130102745,71,occupied,added_80
image_20240130102745,72,occupied,added_80
image_20240130102745,73,occupied,added_80
image_20240130102745,74,occupied,added_80
image_20240130102745,75,occupied,added_80
image_20240130102745,76,occupied,added_80
image_20240130102745,77,occupied,added_80
image_20240130102745,78,occupied,added_80
image_20240130102745,79,occupied,added_80
image_20240130102745,80,empty,added_80
image_20240130102745,81,empty,added_80
image_20240130102745,82,empty,added_80
image_20231228121319,1,empty,added_80
image_20231228121319,2,empty,added_80
image_20231228121319,3,empty,added_80
image_20231228121319,4,empty,added_80
image_20231228121319,5,empty,added_80
image_20231228121319,6,empty,added_80
image_20231228121319,7,empty,added_80
image_20231228121319,8,empty,added_80
image_20231228121319,9,empty,added_80
image_20231228121319,10,occupied,added_80
image_20231228121319,11,occupied,added_80
image_20231228121319,12,occupied,added_80
image_20231228121319,13,occupied,added_80
image_20231228121319,14,occupied,added_80
image_20231228121319,15,occupied,added_80
image_20231228121319,16,occupied,added_80
image_20231228121319,17,occupied,added_80
image_20231228121319,18,occupied,added_80
image_20231228121319,19,empty,added_80
image_20231228121319,20,occupied,added_80
image_20231228121319,21,occupied,added_80
image_20231228121319,22,empty,added_80
image_20231228121319,23,empty,added_80
image_20231228121319,24,empty,added_80
image_20231228121319,25,empty,added_80
image_20231228121319,26,empty,added_80
image_20231228121319,27,empty,added_80
image_20231228121319,28,empty,added_80
image_20231228121319,29,empty,added_80
image_20231228121319,30,occupied,added_80
image_20231228121319,31,occupied,added_80
image_20231228121319,32,occupied,added_80
image_20231228121319,33,occupied,added_80
image_20231228121319,34,occupied,added_80
image_20231228121319,35,occupied,added_80
image_20231228121319,36,occupied,added_80
image_20231228121319,37,occupied,added_80
image_20231228121319,38,occupied,added_80
image_20231228121319,39,occupied,added_80
image_20231228121319,40,empty,added_80
image_20231228121319,41,occupied,added_80
image_20231228121319,42,occupied,added_80
image_20231228121319,43,empty,added_80
image_20231228121319,44,empty,added_80
image_20231228121319,45,empty,added_80
image_20231228121319,46,empty,added_80
image_20231228121319,47,empty,added_80
image_20231228121319,48,empty,added_80
image_20231228121319,49,occupied,added_80
image_20231228121319,50,occupied,added_80
image_20231228121319,51,empty,added_80
image_20231228121319,52,empty,added_80
image_20231228121319,53,occupied,added_80
image_20231228121319,54,empty,added_80
image_20231228121319,55,empty,added_80
image_20231228121319,56,empty,added_80
image_20231228121319,57,empty,added_80
image_20231228121319,58,occupied,added_80
image_20231228121319,59,empty,added_80
image_20231228121319,60,empty,added_80
image_20231228121319,61,empty,added_80
image_20231228121319,62,occupied,added_80
image_20231228121319,63,empty,added_80
image_20231228121319,64,occupied,added_80
image_20231228121319,65,empty,added_80
image_20231228121319,66,occupied,added_80
image_20231228121319,67,occupied,added_80
image_20231228121319,68,occupied,added_80
image_20231228121319,69,empty,added_80
image_20231228121319,70,occupied,added_80
image_20231228121319,71,occupied,added_80
image_20231228121319,72,occupied,added_80
image_20231228121319,73,occupied,added_80
image_20231228121319,74,occupied,added_80
image_20231228121319,75,occupied,added_80
image_20231228121319,76,occupied,added_80
image_20231228121319,77,occupied,added_80
image_20231228121319,78,occupied,added_80
image_20231228121319,79,occupied,added_80
image_20231228121319,80,empty,added_80
image_20231228121319,81,empty,added_80
image_20231228121319,82,empty,added_80
image_20240211135047,1,empty,added_80
image_20240211135047,2,empty,added_80
image_20240211135047,3,empty,added_80
image_20240211135047,4,empty,added_80
image_20240211135047,5,empty,added_80
image_20240211135047,6,empty,added_80
image_20240211135047,7,empty,added_80
image_20240211135047,8,empty,added_80
image_20240211135047,9,empty,added_80
image_20240211135047,10,empty,added_80
image_20240211135047,11,empty,added_80
image_20240211135047,12,empty,added_80
image_20240211135047,13,empty,added_80
image_20240211135047,14,empty,added_80
image_20240211135047,15,empty,added_80
image_20240211135047,16,empty,added_80
image_20240211135047,17,empty,added_80
image_20240211135047,18,empty,added_80
image_20240211135047,19,empty,added_80
image_20240211135047,20,empty,added_80
image_20240211135047,21,empty,added_80
image_20240211135047,22,empty,added_80
image_20240211135047,23,empty,added_80
image_20240211135047,24,empty,added_80
image_20240211135047,25,empty,added_80
image_20240211135047,26,empty,added_80
image_20240211135047,27,empty,added_80
image_20240211135047,28,empty,added_80
image_20240211135047,29,empty,added_80
image_20240211135047,30,empty,added_80
image_20240211135047,31,occupied,added_80
image_20240211135047,32,occupied,added_80
image_20240211135047,33,occupied,added_80
image_20240211135047,34,empty,added_80
image_20240211135047,35,occupied,added_80
image_20240211135047,36,empty,added_80
image_20240211135047,37,empty,added_80
image_20240211135047,38,empty,added_80
image_20240211135047,39,empty,added_80
image_20240211135047,40,empty,added_80
image_20240211135047,41,empty,added_80
image_20240211135047,42,empty,added_80
image_20240211135047,43,empty,added_80
image_20240211135047,44,empty,added_80
image_20240211135047,45,empty,added_80
image_20240211135047,46,empty,added_80
image_20240211135047,47,empty,added_80
image_20240211135047,48,empty,added_80
image_20240211135047,49,empty,added_80
image_20240211135047,50,empty,added_80
image_20240211135047,51,empty,added_80
image_20240211135047,52,empty,added_80
image_20240211135047,53,empty,added_80
image_20240211135047,54,empty,added_80
image_20240211135047,55,empty,added_80
image_20240211135047,56,empty,added_80
image_20240211135047,57,empty,added_80
image_20240211135047,58,empty,added_80
image_20240211135047,59,empty,added_80
image_20240211135047,60,empty,added_80
image_20240211135047,61,empty,added_80
image_20240211135047,62,empty,added_80
image_20240211135047,63,empty,added_80
image_20240211135047,64,empty,added_80
image_20240211135047,65,empty,added_80
image_20240211135047,66,empty,added_80
image_20240211135047,67,empty,added_80
image_20240211135047,68,empty,added_80
image_20240211135047,69,empty,added_80
image_20240211135047,70,empty,added_80
image_20240211135047,71,empty,added_80
image_20240211135047,72,empty,added_80
image_20240211135047,73,occupied,added_80
image_20240211135047,74,empty,added_80
image_20240211135047,75,occupied,added_80
image_20240211135047,76,occupied,added_80
image_20240211135047,77,empty,added_80
image_20240211135047,78,occupied,added_80
image_20240211135047,79,empty,added_80
image_20240211135047,80,empty,added_80
image_20240211135047,81,empty,added_80
image_20240211135047,82,empty,added_80
image_20240123071203,1,empty,added_80
image_20240123071203,2,empty,added_80
image_20240123071203,3,empty,added_80
image_20240123071203,4,empty,added_80
image_20240123071203,5,empty,added_80
image_20240123071203,6,empty,added_80
image_20240123071203,7,empty,added_80
image_20240123071203,8,empty,added_80
image_20240123071203,9,empty,added_80
image_20240123071203,10,empty,added_80
image_20240123071203,11,empty,added_80
image_20240123071203,12,empty,added_80
image_20240123071203,13,empty,added_80
image_20240123071203,14,occupied,added_80
image_20240123071203,15,empty,added_80
image_20240123071203,16,empty,added_80
image_20240123071203,17,empty,added_80
image_20240123071203,18,empty,added_80
image_20240123071203,19,empty,added_80
image_20240123071203,20,empty,added_80
image_20240123071203,21,empty,added_80
image_20240123071203,22,empty,added_80
image_20240123071203,23,empty,added_80
image_20240123071203,24,empty,added_80
image_20240123071203,25,empty,added_80
image_20240123071203,26,empty,added_80
image_20240123071203,27,empty,added_80
image_20240123071203,28,empty,added_80
image_20240123071203,29,empty,added_80
image_20240123071203,30,empty,added_80
image_20240123071203,31,empty,added_80
image_20240123071203,32,empty,added_80
image_20240123071203,33,empty,added_80
image_20240123071203,34,empty,added_80
image_20240123071203,35,empty,added_80
image_20240123071203,36,empty,added_80
image_20240123071203,37,empty,added_80
image_20240123071203,38,empty,added_80
image_20240123071203,39,empty,added_80
image_20240123071203,40,empty,added_80
image_20240123071203,41,occupied,added_80
image_20240123071203,42,empty,added_80
image_20240123071203,43,empty,added_80
image_20240123071203,44,empty,added_80
image_20240123071203,45,empty,added_80
image_20240123071203,46,empty,added_80
image_20240123071203,47,empty,added_80
image_20240123071203,48,empty,added_80
image_20240123071203,49,occupied,added_80
image_20240123071203,50,empty,added_80
image_20240123071203,51,empty,added_80
image_20240123071203,52,empty,added_80
image_20240123071203,53,empty,added_80
image_20240123071203,54,empty,added_80
image_20240123071203,55,empty,added_80
image_20240123071203,56,empty,added_80
image_20240123071203,57,empty,added_80
image_20240123071203,58,empty,added_80
image_20240123071203,59,empty,added_80
image_20240123071203,60,empty,added_80
image_20240123071203,61,empty,added_80
image_20240123071203,62,empty,added_80
image_20240123071203,63,empty,added_80
image_20240123071203,64,empty,added_80
image_20240123071203,65,empty,added_80
image_20240123071203,66,empty,added_80
image_20240123071203,67,empty,added_80
image_20240123071203,68,empty,added_80
image_20240123071203,69,empty,added_80
image_20240123071203,70,empty,added_80
image_20240123071203,71,empty,added_80
image_20240123071203,72,empty,added_80
image_20240123071203,73,empty,added_80
image_20240123071203,74,empty,added_80
image_20240123071203,75,occupied,added_80
image_20240123071203,76,occupied,added_80
image_20240123071203,77,occupied,added_80
image_20240123071203,78,empty,added_80
image_20240123071203,79,empty,added_80
image_20240123071203,80,empty,added_80
image_20240123071203,81,empty,added_80
image_20240123071203,82,empty,added_80
image_20240225135004,1,empty,added_80
image_20240225135004,2,empty,added_80
image_20240225135004,3,occupied,added_80
image_20240225135004,4,empty,added_80
image_20240225135004,5,empty,added_80
image_20240225135004,6,empty,added_80
image_20240225135004,7,empty,added_80
image_20240225135004,8,empty,added_80
image_20240225135004,9,empty,added_80
image_20240225135004,10,empty,added_80
image_20240225135004,11,empty,added_80
image_20240225135004,12,empty,added_80
image_20240225135004,13,occupied,added_80
image_20240225135004,14,occupied,added_80
image_20240225135004,15,empty,added_80
image_20240225135004,16,empty,added_80
image_20240225135004,17,occupied,added_80
image_20240225135004,18,occupied,added_80
image_20240225135004,19,occupied,added_80
image_20240225135004,20,empty,added_80
image_20240225135004,21,empty,added_80
image_20240225135004,22,empty,added_80
image_20240225135004,23,empty,added_80
image_20240225135004,24,empty,added_80
image_20240225135004,25,empty,added_80
image_20240225135004,26,empty,added_80
image_20240225135004,27,empty,added_80
image_20240225135004,28,empty,added_80
image_20240225135004,29,empty,added_80
image_20240225135004,30,occupied,added_80
image_20240225135004,31,occupied,added_80
image_20240225135004,32,empty,added_80
image_20240225135004,33,occupied,added_80
image_20240225135004,34,empty,added_80
image_20240225135004,35,empty,added_80
image_20240225135004,36,empty,added_80
image_20240225135004,37,empty,added_80
image_20240225135004,38,empty,added_80
image_20240225135004,39,empty,added_80
image_20240225135004,40,empty,added_80
image_20240225135004,41,empty,added_80
image_20240225135004,42,empty,added_80
image_20240225135004,43,empty,added_80
image_20240225135004,44,empty,added_80
image_20240225135004,45,empty,added_80
image_20240225135004,46,empty,added_80
image_20240225135004,47,empty,added_80
image_20240225135004,48,empty,added_80
image_20240225135004,49,empty,added_80
image_20240225135004,50,empty,added_80
image_20240225135004,51,empty,added_80
image_20240225135004,52,empty,added_80
image_20240225135004,53,empty,added_80
image_20240225135004,54,empty,added_80
image_20240225135004,55,empty,added_80
image_20240225135004,56,empty,added_80
image_20240225135004,57,empty,added_80
image_20240225135004,58,empty,added_80
image_20240225135004,59,empty,added_80
image_20240225135004,60,empty,added_80
image_20240225135004,61,empty,added_80
image_20240225135004,62,empty,added_80
image_20240225135004,63,empty,added_80
image_20240225135004,64,empty,added_80
image_20240225135004,65,empty,added_80
image_20240225135004,66,empty,added_80
image_20240225135004,67,empty,added_80
image_20240225135004,68,empty,added_80
image_20240225135004,69,empty,added_80
image_20240225135004,70,empty,added_80
image_20240225135004,71,empty,added_80
image_20240225135004,72,occupied,added_80
image_20240225135004,73,occupied,added_80
image_20240225135004,74,occupied,added_80
image_20240225135004,75,occupied,added_80
image_20240225135004,76,occupied,added_80
image_20240225135004,77,occupied,added_80
image_20240225135004,78,empty,added_80
image_20240225135004,79,empty,added_80
image_20240225135004,80,empty,added_80
image_20240225135004,81,empty,added_80
image_20240225135004,82,empty,added_80
image_20231212153751,1,empty,added_80
image_20231212153751,2,occupied,added_80
image_20231212153751,3,empty,added_80
image_20231212153751,4,occupied,added_80
image_20231212153751,5,empty,added_80
image_20231212153751,6,empty,added_80
image_20231212153751,7,empty,added_80
image_20231212153751,8,occupied,added_80
image_20231212153751,9,occupied,added_80
image_20231212153751,10,occupied,added_80
image_20231212153751,11,occupied,added_80
image_20231212153751,12,occupied,added_80
image_20231212153751,13,occupied,added_80
image_20231212153751,14,occupied,added_80
image_20231212153751,15,occupied,added_80
image_20231212153751,16,occupied,added_80
image_20231212153751,17,occupied,added_80
image_20231212153751,18,occupied,added_80
image_20231212153751,19,occupied,added_80
image_20231212153751,20,occupied,added_80
image_20231212153751,21,occupied,added_80
image_20231212153751,22,occupied,added_80
image_20231212153751,23,occupied,added_80
image_20231212153751,24,occupied,added_80
image_20231212153751,25,occupied,added_80
image_20231212153751,26,occupied,added_80
image_20231212153751,27,empty,added_80
image_20231212153751,28,empty,added_80
image_20231212153751,29,empty,added_80
image_20231212153751,30,occupied,added_80
image_20231212153751,31,occupied,added_80
image_20231212153751,32,occupied,added_80
image_20231212153751,33,occupied,added_80
image_20231212153751,34,occupied,added_80
image_20231212153751,35,occupied,added_80
image_20231212153751,36,occupied,added_80
image_20231212153751,37,occupied,added_80
image_20231212153751,38,occupied,added_80
image_20231212153751,39,occupied,added_80
image_20231212153751,40,occupied,added_80
image_20231212153751,41,occupied,added_80
image_20231212153751,42,occupied,added_80
image_20231212153751,43,occupied,added_80
image_20231212153751,44,occupied,added_80
image_20231212153751,45,occupied,added_80
image_20231212153751,46,empty,added_80
image_20231212153751,47,occupied,added_80
image_20231212153751,48,occupied,added_80
image_20231212153751,49,empty,added_80
image_20231212153751,50,occupied,added_80
image_20231212153751,51,empty,added_80
image_20231212153751,52,empty,added_80
image_20231212153751,53,empty,added_80
image_20231212153751,54,empty,added_80
image_20231212153751,55,empty,added_80
image_20231212153751,56,empty,added_80
image_20231212153751,57,occupied,added_80
image_20231212153751,58,empty,added_80
image_20231212153751,59,empty,added_80
image_20231212153751,60,empty,added_80
image_20231212153751,61,occupied,added_80
image_20231212153751,62,occupied,added_80
image_20231212153751,63,occupied,added_80
image_20231212153751,64,occupied,added_80
image_20231212153751,65,empty,added_80
image_20231212153751,66,empty,added_80
image_20231212153751,67,occupied,added_80
image_20231212153751,68,occupied,added_80
image_20231212153751,69,occupied,added_80
image_20231212153751,70,occupied,added_80
image_20231212153751,71,occupied,added_80
image_20231212153751,72,occupied,added_80
image_20231212153751,73,occupied,added_80
image_20231212153751,74,occupied,added_80
image_20231212153751,75,occupied,added_80
image_20231212153751,76,occupied,added_80
image_20231212153751,77,occupied,added_80
image_20231212153751,78,occupied,added_80
image_20231212153751,79,occupied,added_80
image_20231212153751,80,empty,added_80
image_20231212153751,81,empty,added_80
image_20231212153751,82,empty,added_80
image_20240309150538,1,empty,added_80
image_20240309150538,2,empty,added_80
image_20240309150538,3,empty,added_80
image_20240309150538,4,empty,added_80
image_20240309150538,5,empty,added_80
image_20240309150538,6,empty,added_80
image_20240309150538,7,empty,added_80
image_20240309150538,8,empty,added_80
image_20240309150538,9,empty,added_80
image_20240309150538,10,empty,added_80
image_20240309150538,11,occupied,added_80
image_20240309150538,12,empty,added_80
image_20240309150538,13,empty,added_80
image_20240309150538,14,empty,added_80
image_20240309150538,15,empty,added_80
image_20240309150538,16,empty,added_80
image_20240309150538,17,empty,added_80
image_20240309150538,18,empty,added_80
image_20240309150538,19,empty,added_80
image_20240309150538,20,empty,added_80
image_20240309150538,21,empty,added_80
image_20240309150538,22,empty,added_80
image_20240309150538,23,empty,added_80
image_20240309150538,24,empty,added_80
image_20240309150538,25,empty,added_80
image_20240309150538,26,empty,added_80
image_20240309150538,27,empty,added_80
image_20240309150538,28,empty,added_80
image_20240309150538,29,empty,added_80
image_20240309150538,30,empty,added_80
image_20240309150538,31,empty,added_80
image_20240309150538,32,empty,added_80
image_20240309150538,33,empty,added_80
image_20240309150538,34,occupied,added_80
image_20240309150538,35,empty,added_80
image_20240309150538,36,empty,added_80
image_20240309150538,37,empty,added_80
image_20240309150538,38,empty,added_80
image_20240309150538,39,empty,added_80
image_20240309150538,40,empty,added_80
image_20240309150538,41,empty,added_80
image_20240309150538,42,empty,added_80
image_20240309150538,43,empty,added_80
image_20240309150538,44,empty,added_80
image_20240309150538,45,empty,added_80
image_20240309150538,46,empty,added_80
image_20240309150538,47,empty,added_80
image_20240309150538,48,empty,added_80
image_20240309150538,49,empty,added_80
image_20240309150538,50,empty,added_80
image_20240309150538,51,empty,added_80
image_20240309150538,52,empty,added_80
image_20240309150538,53,empty,added_80
image_20240309150538,54,empty,added_80
image_20240309150538,55,empty,added_80
image_20240309150538,56,empty,added_80
image_20240309150538,57,empty,added_80
image_20240309150538,58,empty,added_80
image_20240309150538,59,occupied,added_80
image_20240309150538,60,empty,added_80
image_20240309150538,61,empty,added_80
image_20240309150538,62,empty,added_80
image_20240309150538,63,empty,added_80
image_20240309150538,64,empty,added_80
image_20240309150538,65,empty,added_80
image_20240309150538,66,empty,added_80
image_20240309150538,67,empty,added_80
image_20240309150538,68,empty,added_80
image_20240309150538,69,empty,added_80
image_20240309150538,70,empty,added_80
image_20240309150538,71,empty,added_80
image_20240309150538,72,empty,added_80
image_20240309150538,73,empty,added_80
image_20240309150538,74,empty,added_80
image_20240309150538,75,empty,added_80
image_20240309150538,76,empty,added_80
image_20240309150538,77,empty,added_80
image_20240309150538,78,empty,added_80
image_20240309150538,79,occupied,added_80
image_20240309150538,80,empty,added_80
image_20240309150538,81,empty,added_80
image_20240309150538,82,empty,added_80
image_20231228065134,1,empty,added_80
image_20231228065134,2,empty,added_80
image_20231228065134,3,empty,added_80
image_20231228065134,4,empty,added_80
image_20231228065134,5,empty,added_80
image_20231228065134,6,empty,added_80
image_20231228065134,7,empty,added_80
image_20231228065134,8,empty,added_80
image_20231228065134,9,empty,added_80
image_20231228065134,10,empty,added_80
image_20231228065134,11,empty,added_80
image_20231228065134,12,empty,added_80
image_20231228065134,13,empty,added_80
image_20231228065134,14,empty,added_80
image_20231228065134,15,empty,added_80
image_20231228065134,16,empty,added_80
image_20231228065134,17,empty,added_80
image_20231228065134,18,empty,added_80
image_20231228065134,19,empty,added_80
image_20231228065134,20,empty,added_80
image_20231228065134,21,empty,added_80
image_20231228065134,22,empty,added_80
image_20231228065134,23,empty,added_80
image_20231228065134,24,empty,added_80
image_20231228065134,25,empty,added_80
image_20231228065134,26,empty,added_80
image_20231228065134,27,empty,added_80
image_20231228065134,28,empty,added_80
image_20231228065134,29,empty,added_80
image_20231228065134,30,empty,added_80
image_20231228065134,31,empty,added_80
image_20231228065134,32,empty,added_80
image_20231228065134,33,empty,added_80
image_20231228065134,34,empty,added_80
image_20231228065134,35,empty,added_80
image_20231228065134,36,empty,added_80
image_20231228065134,37,empty,added_80
image_20231228065134,38,empty,added_80
image_20231228065134,39,empty,added_80
image_20231228065134,40,empty,added_80
image_20231228065134,41,empty,added_80
image_20231228065134,42,empty,added_80
image_20231228065134,43,empty,added_80
image_20231228065134,44,empty,added_80
image_20231228065134,45,empty,added_80
image_20231228065134,46,empty,added_80
image_20231228065134,47,empty,added_80
image_20231228065134,48,empty,added_80
image_20231228065134,49,empty,added_80
image_20231228065134,50,empty,added_80
image_20231228065134,51,empty,added_80
image_20231228065134,52,empty,added_80
image_20231228065134,53,empty,added_80
image_20231228065134,54,empty,added_80
image_20231228065134,55,empty,added_80
image_20231228065134,56,empty,added_80
image_20231228065134,57,empty,added_80
image_20231228065134,58,empty,added_80
image_20231228065134,59,empty,added_80
image_20231228065134,60,empty,added_80
image_20231228065134,61,empty,added_80
image_20231228065134,62,empty,added_80
image_20231228065134,63,empty,added_80
image_20231228065134,64,occupied,added_80
image_20231228065134,65,empty,added_80
image_20231228065134,66,empty,added_80
image_20231228065134,67,empty,added_80
image_20231228065134,68,empty,added_80
image_20231228065134,69,empty,added_80
image_20231228065134,70,empty,added_80
image_20231228065134,71,empty,added_80
image_20231228065134,72,empty,added_80
image_20231228065134,73,empty,added_80
image_20231228065134,74,empty,added_80
image_20231228065134,75,empty,added_80
image_20231228065134,76,occupied,added_80
image_20231228065134,77,empty,added_80
image_20231228065134,78,occupied,added_80
image_20231228065134,79,occupied,added_80
image_20231228065134,80,empty,added_80
image_20231228065134,81,empty,added_80
image_20231228065134,82,empty,added_80
image_20240211095930,1,empty,added_80
image_20240211095930,2,empty,added_80
image_20240211095930,3,empty,added_80
image_20240211095930,4,empty,added_80
image_20240211095930,5,empty,added_80
image_20240211095930,6,empty,added_80
image_20240211095930,7,empty,added_80
image_20240211095930,8,empty,added_80
image_20240211095930,9,empty,added_80
image_20240211095930,10,empty,added_80
image_20240211095930,11,empty,added_80
image_20240211095930,12,empty,added_80
image_20240211095930,13,empty,added_80
image_20240211095930,14,empty,added_80
image_20240211095930,15,empty,added_80
image_20240211095930,16,empty,added_80
image_20240211095930,17,empty,added_80
image_20240211095930,18,empty,added_80
image_20240211095930,19,empty,added_80
image_20240211095930,20,empty,added_80
image_20240211095930,21,empty,added_80
image_20240211095930,22,empty,added_80
image_20240211095930,23,empty,added_80
image_20240211095930,24,empty,added_80
image_20240211095930,25,empty,added_80
image_20240211095930,26,empty,added_80
image_20240211095930,27,empty,added_80
image_20240211095930,28,empty,added_80
image_20240211095930,29,empty,added_80
image_20240211095930,30,empty,added_80
image_20240211095930,31,occupied,added_80
image_20240211095930,32,occupied,added_80
image_20240211095930,33,occupied,added_80
image_20240211095930,34,empty,added_80
image_20240211095930,35,empty,added_80
image_20240211095930,36,empty,added_80
image_20240211095930,37,empty,added_80
image_20240211095930,38,empty,added_80
image_20240211095930,39,empty,added_80
image_20240211095930,40,empty,added_80
image_20240211095930,41,empty,added_80
image_20240211095930,42,empty,added_80
image_20240211095930,43,empty,added_80
image_20240211095930,44,empty,added_80
image_20240211095930,45,empty,added_80
image_20240211095930,46,empty,added_80
image_20240211095930,47,empty,added_80
image_20240211095930,48,empty,added_80
image_20240211095930,49,empty,added_80
image_20240211095930,50,empty,added_80
image_20240211095930,51,empty,added_80
image_20240211095930,52,empty,added_80
image_20240211095930,53,empty,added_80
image_20240211095930,54,empty,added_80
image_20240211095930,55,empty,added_80
image_20240211095930,56,empty,added_80
image_20240211095930,57,empty,added_80
image_20240211095930,58,empty,added_80
image_20240211095930,59,empty,added_80
image_20240211095930,60,empty,added_80
image_20240211095930,61,empty,added_80
image_20240211095930,62,empty,added_80
image_20240211095930,63,empty,added_80
image_20240211095930,64,empty,added_80
image_20240211095930,65,empty,added_80
image_20240211095930,66,empty,added_80
image_20240211095930,67,empty,added_80
image_20240211095930,68,empty,added_80
image_20240211095930,69,empty,added_80
image_20240211095930,70,empty,added_80
image_20240211095930,71,empty,added_80
image_20240211095930,72,empty,added_80
image_20240211095930,73,empty,added_80
image_20240211095930,74,occupied,added_80
image_20240211095930,75,occupied,added_80
image_20240211095930,76,occupied,added_80
image_20240211095930,77,occupied,added_80
image_20240211095930,78,occupied,added_80
image_20240211095930,79,empty,added_80
image_20240211095930,80,empty,added_80
image_20240211095930,81,empty,added_80
image_20240211095930,82,empty,added_80
image_20231228133346,1,empty,added_80
image_20231228133346,2,empty,added_80
image_20231228133346,3,empty,added_80
image_20231228133346,4,empty,added_80
image_20231228133346,5,empty,added_80
image_20231228133346,6,empty,added_80
image_20231228133346,7,empty,added_80
image_20231228133346,8,empty,added_80
image_20231228133346,9,empty,added_80
image_20231228133346,10,occupied,added_80
image_20231228133346,11,occupied,added_80
image_20231228133346,12,occupied,added_80
image_20231228133346,13,occupied,added_80
image_20231228133346,14,occupied,added_80
image_20231228133346,15,occupied,added_80
image_20231228133346,16,occupied,added_80
image_20231228133346,17,occupied,added_80
image_20231228133346,18,occupied,added_80
image_20231228133346,19,occupied,added_80
image_20231228133346,20,occupied,added_80
image_20231228133346,21,occupied,added_80
image_20231228133346,22,empty,added_80
image_20231228133346,23,empty,added_80
image_20231228133346,24,empty,added_80
image_20231228133346,25,empty,added_80
image_20231228133346,26,empty,added_80
image_20231228133346,27,empty,added_80
image_20231228133346,28,empty,added_80
image_20231228133346,29,empty,added_80
image_20231228133346,30,occupied,added_80
image_20231228133346,31,occupied,added_80
image_20231228133346,32,occupied,added_80
image_20231228133346,33,occupied,added_80
image_20231228133346,34,occupied,added_80
image_20231228133346,35,occupied,added_80
image_20231228133346,36,occupied,added_80
image_20231228133346,37,occupied,added_80
image_20231228133346,38,occupied,added_80
image_20231228133346,39,occupied,added_80
image_20231228133346,40,empty,added_80
image_20231228133346,41,occupied,added_80
image_20231228133346,42,occupied,added_80
image_20231228133346,43,empty,added_80
image_20231228133346,44,empty,added_80
image_20231228133346,45,occupied,added_80
image_20231228133346,46,empty,added_80
image_20231228133346,47,empty,added_80
image_20231228133346,48,occupied,added_80
image_20231228133346,49,empty,added_80
image_20231228133346,50,empty,added_80
image_20231228133346,51,empty,added_80
image_20231228133346,52,empty,added_80
image_20231228133346,53,occupied,added_80
image_20231228133346,54,empty,added_80
image_20231228133346,55,empty,added_80
image_20231228133346,56,empty,added_80
image_20231228133346,57,empty,added_80
image_20231228133346,58,empty,added_80
image_20231228133346,59,empty,added_80
image_20231228133346,60,empty,added_80
image_20231228133346,61,empty,added_80
image_20231228133346,62,occupied,added_80
image_20231228133346,63,empty,added_80
image_20231228133346,64,occupied,added_80
image_20231228133346,65,empty,added_80
image_20231228133346,66,occupied,added_80
image_20231228133346,67,occupied,added_80
image_20231228133346,68,occupied,added_80
image_20231228133346,69,empty,added_80
image_20231228133346,70,occupied,added_80
image_20231228133346,71,occupied,added_80
image_20231228133346,72,occupied,added_80
image_20231228133346,73,occupied,added_80
image_20231228133346,74,occupied,added_80
image_20231228133346,75,occupied,added_80
image_20231228133346,76,empty,added_80
image_20231228133346,77,occupied,added_80
image_20231228133346,78,occupied,added_80
image_20231228133346,79,occupied,added_80
image_20231228133346,80,empty,added_80
image_20231228133346,81,empty,added_80
image_20231228133346,82,empty,added_80
image_20240228131016,1,empty,added_80
image_20240228131016,2,empty,added_80
image_20240228131016,3,occupied,added_80
image_20240228131016,4,empty,added_80
image_20240228131016,5,empty,added_80
image_20240228131016,6,empty,added_80
image_20240228131016,7,occupied,added_80
image_20240228131016,8,occupied,added_80
image_20240228131016,9,occupied,added_80
image_20240228131016,10,occupied,added_80
image_20240228131016,11,occupied,added_80
image_20240228131016,12,occupied,added_80
image_20240228131016,13,occupied,added_80
image_20240228131016,14,occupied,added_80
image_20240228131016,15,occupied,added_80
image_20240228131016,16,occupied,added_80
image_20240228131016,17,occupied,added_80
image_20240228131016,18,occupied,added_80
image_20240228131016,19,occupied,added_80
image_20240228131016,20,occupied,added_80
image_20240228131016,21,occupied,added_80
image_20240228131016,22,occupied,added_80
image_20240228131016,23,occupied,added_80
image_20240228131016,24,occupied,added_80
image_20240228131016,25,occupied,added_80
image_20240228131016,26,occupied,added_80
image_20240228131016,27,occupied,added_80
image_20240228131016,28,empty,added_80
image_20240228131016,29,empty,added_80
image_20240228131016,30,occupied,added_80
image_20240228131016,31,occupied,added_80
image_20240228131016,32,occupied,added_80
image_20240228131016,33,occupied,added_80
image_20240228131016,34,occupied,added_80
image_20240228131016,35,occupied,added_80
image_20240228131016,36,empty,added_80
image_20240228131016,37,empty,added_80
image_20240228131016,38,occupied,added_80
image_20240228131016,39,occupied,added_80
image_20240228131016,40,occupied,added_80
image_20240228131016,41,occupied,added_80
image_20240228131016,42,occupied,added_80
image_20240228131016,43,occupied,added_80
image_20240228131016,44,occupied,added_80
image_20240228131016,45,occupied,added_80
image_20240228131016,46,empty,added_80
image_20240228131016,47,occupied,added_80
image_20240228131016,48,empty,added_80
image_20240228131016,49,empty,added_80
image_20240228131016,50,occupied,added_80
image_20240228131016,51,empty,added_80
image_20240228131016,52,empty,added_80
image_20240228131016,53,empty,added_80
image_20240228131016,54,empty,added_80
image_20240228131016,55,empty,added_80
image_20240228131016,56,empty,added_80
image_20240228131016,57,empty,added_80
image_20240228131016,58,empty,added_80
image_20240228131016,59,occupied,added_80
image_20240228131016,60,occupied,added_80
image_20240228131016,61,occupied,added_80
image_20240228131016,62,occupied,added_80
image_20240228131016,63,occupied,added_80
image_20240228131016,64,occupied,added_80
image_20240228131016,65,occupied,added_80
image_20240228131016,66,occupied,added_80
image_20240228131016,67,occupied,added_80
image_20240228131016,68,occupied,added_80
image_20240228131016,69,empty,added_80
image_20240228131016,70,occupied,added_80
image_20240228131016,71,occupied,added_80
image_20240228131016,72,occupied,added_80
image_20240228131016,73,occupied,added_80
image_20240228131016,74,occupied,added_80
image_20240228131016,75,occupied,added_80
image_20240228131016,76,occupied,added_80
image_20240228131016,77,occupied,added_80
image_20240228131016,78,occupied,added_80
image_20240228131016,79,occupied,added_80
image_20240228131016,80,empty,added_80
image_20240228131016,81,empty,added_80
image_20240228131016,82,empty,added_80
image_20240123094253,1,empty,added_80
image_20240123094253,2,empty,added_80
image_20240123094253,3,empty,added_80
image_20240123094253,4,empty,added_80
image_20240123094253,5,empty,added_80
image_20240123094253,6,empty,added_80
image_20240123094253,7,occupied,added_80
image_20240123094253,8,occupied,added_80
image_20240123094253,9,occupied,added_80
image_20240123094253,10,occupied,added_80
image_20240123094253,11,occupied,added_80
image_20240123094253,12,occupied,added_80
image_20240123094253,13,empty,added_80
image_20240123094253,14,occupied,added_80
image_20240123094253,15,empty,added_80
image_20240123094253,16,occupied,added_80
image_20240123094253,17,occupied,added_80
image_20240123094253,18,occupied,added_80
image_20240123094253,19,occupied,added_80
image_20240123094253,20,occupied,added_80
image_20240123094253,21,occupied,added_80
image_20240123094253,22,empty,added_80
image_20240123094253,23,empty,added_80
image_20240123094253,24,empty,added_80
image_20240123094253,25,empty,added_80
image_20240123094253,26,empty,added_80
image_20240123094253,27,empty,added_80
image_20240123094253,28,empty,added_80
image_20240123094253,29,empty,added_80
image_20240123094253,30,occupied,added_80
image_20240123094253,31,occupied,added_80
image_20240123094253,32,occupied,added_80
image_20240123094253,33,occupied,added_80
image_20240123094253,34,occupied,added_80
image_20240123094253,35,occupied,added_80
image_20240123094253,36,occupied,added_80
image_20240123094253,37,occupied,added_80
image_20240123094253,38,occupied,added_80
image_20240123094253,39,occupied,added_80
image_20240123094253,40,occupied,added_80
image_20240123094253,41,occupied,added_80
image_20240123094253,42,occupied,added_80
image_20240123094253,43,empty,added_80
image_20240123094253,44,empty,added_80
image_20240123094253,45,empty,added_80
image_20240123094253,46,occupied,added_80
image_20240123094253,47,empty,added_80
image_20240123094253,48,empty,added_80
image_20240123094253,49,occupied,added_80
image_20240123094253,50,empty,added_80
image_20240123094253,51,empty,added_80
image_20240123094253,52,empty,added_80
image_20240123094253,53,empty,added_80
image_20240123094253,54,empty,added_80
image_20240123094253,55,empty,added_80
image_20240123094253,56,empty,added_80
image_20240123094253,57,empty,added_80
image_20240123094253,58,empty,added_80
image_20240123094253,59,empty,added_80
image_20240123094253,60,empty,added_80
image_20240123094253,61,empty,added_80
image_20240123094253,62,empty,added_80
image_20240123094253,63,empty,added_80
image_20240123094253,64,empty,added_80
image_20240123094253,65,empty,added_80
image_20240123094253,66,empty,added_80
image_20240123094253,67,occupied,added_80
image_20240123094253,68,occupied,added_80
image_20240123094253,69,occupied,added_80
image_20240123094253,70,occupied,added_80
image_20240123094253,71,occupied,added_80
image_20240123094253,72,occupied,added_80
image_20240123094253,73,occupied,added_80
image_20240123094253,74,occupied,added_80
image_20240123094253,75,occupied,added_80
image_20240123094253,76,occupied,added_80
image_20240123094253,77,occupied,added_80
image_20240123094253,78,occupied,added_80
image_20240123094253,79,occupied,added_80
image_20240123094253,80,empty,added_80
image_20240123094253,81,empty,added_80
image_20240123094253,82,empty,added_80
image_20240228073827,1,empty,added_80
image_20240228073827,2,empty,added_80
image_20240228073827,3,empty,added_80
image_20240228073827,4,empty,added_80
image_20240228073827,5,empty,added_80
image_20240228073827,6,empty,added_80
image_20240228073827,7,empty,added_80
image_20240228073827,8,empty,added_80
image_20240228073827,9,empty,added_80
image_20240228073827,10,empty,added_80
image_20240228073827,11,empty,added_80
image_20240228073827,12,empty,added_80
image_20240228073827,13,empty,added_80
image_20240228073827,14,empty,added_80
image_20240228073827,15,empty,added_80
image_20240228073827,16,empty,added_80
image_20240228073827,17,empty,added_80
image_20240228073827,18,empty,added_80
image_20240228073827,19,empty,added_80
image_20240228073827,20,empty,added_80
image_20240228073827,21,empty,added_80
image_20240228073827,22,empty,added_80
image_20240228073827,23,empty,added_80
image_20240228073827,24,empty,added_80
image_20240228073827,25,empty,added_80
image_20240228073827,26,empty,added_80
image_20240228073827,27,empty,added_80
image_20240228073827,28,empty,added_80
image_20240228073827,29,empty,added_80
image_20240228073827,30,empty,added_80
image_20240228073827,31,occupied,added_80
image_20240228073827,32,empty,added_80
image_20240228073827,33,empty,added_80
image_20240228073827,34,empty,added_80
image_20240228073827,35,empty,added_80
image_20240228073827,36,empty,added_80
image_20240228073827,37,empty,added_80
image_20240228073827,38,empty,added_80
image_20240228073827,39,empty,added_80
image_20240228073827,40,empty,added_80
image_20240228073827,41,empty,added_80
image_20240228073827,42,empty,added_80
image_20240228073827,43,empty,added_80
image_20240228073827,44,empty,added_80
image_20240228073827,45,empty,added_80
image_20240228073827,46,empty,added_80
image_20240228073827,47,empty,added_80
image_20240228073827,48,empty,added_80
image_20240228073827,49,empty,added_80
image_20240228073827,50,empty,added_80
image_20240228073827,51,empty,added_80
image_20240228073827,52,empty,added_80
image_20240228073827,53,empty,added_80
image_20240228073827,54,empty,added_80
image_20240228073827,55,empty,added_80
image_20240228073827,56,empty,added_80
image_20240228073827,57,empty,added_80
image_20240228073827,58,empty,added_80
image_20240228073827,59,empty,added_80
image_20240228073827,60,empty,added_80
image_20240228073827,61,empty,added_80
image_20240228073827,62,occupied,added_80
image_20240228073827,63,occupied,added_80
image_20240228073827,64,empty,added_80
image_20240228073827,65,empty,added_80
image_20240228073827,66,empty,added_80
image_20240228073827,67,occupied,added_80
image_20240228073827,68,empty,added_80
image_20240228073827,69,empty,added_80
image_20240228073827,70,empty,added_80
image_20240228073827,71,empty,added_80
image_20240228073827,72,empty,added_80
image_20240228073827,73,empty,added_80
image_20240228073827,74,occupied,added_80
image_20240228073827,75,occupied,added_80
image_20240228073827,76,occupied,added_80
image_20240228073827,77,occupied,added_80
image_20240228073827,78,occupied,added_80
image_20240228073827,79,empty,added_80
image_20240228073827,80,empty,added_80
image_20240228073827,81,empty,added_80
image_20240228073827,82,empty,added_80
image_20240228072824,1,empty,added_80
image_20240228072824,2,empty,added_80
image_20240228072824,3,empty,added_80
image_20240228072824,4,empty,added_80
image_20240228072824,5,empty,added_80
image_20240228072824,6,empty,added_80
image_20240228072824,7,empty,added_80
image_20240228072824,8,empty,added_80
image_20240228072824,9,empty,added_80
image_20240228072824,10,empty,added_80
image_20240228072824,11,empty,added_80
image_20240228072824,12,empty,added_80
image_20240228072824,13,empty,added_80
image_20240228072824,14,empty,added_80
image_20240228072824,15,empty,added_80
image_20240228072824,16,empty,added_80
image_20240228072824,17,empty,added_80
image_20240228072824,18,empty,added_80
image_20240228072824,19,empty,added_80
image_20240228072824,20,empty,added_80
image_20240228072824,21,empty,added_80
image_20240228072824,22,empty,added_80
image_20240228072824,23,empty,added_80
image_20240228072824,24,empty,added_80
image_20240228072824,25,empty,added_80
image_20240228072824,26,empty,added_80
image_20240228072824,27,empty,added_80
image_20240228072824,28,empty,added_80
image_20240228072824,29,empty,added_80
image_20240228072824,30,empty,added_80
image_20240228072824,31,empty,added_80
image_20240228072824,32,empty,added_80
image_20240228072824,33,empty,added_80
image_20240228072824,34,empty,added_80
image_20240228072824,35,empty,added_80
image_20240228072824,36,empty,added_80
image_20240228072824,37,empty,added_80
image_20240228072824,38,empty,added_80
image_20240228072824,39,empty,added_80
image_20240228072824,40,empty,added_80
image_20240228072824,41,empty,added_80
image_20240228072824,42,empty,added_80
image_20240228072824,43,empty,added_80
image_20240228072824,44,empty,added_80
image_20240228072824,45,empty,added_80
image_20240228072824,46,empty,added_80
image_20240228072824,47,empty,added_80
image_20240228072824,48,empty,added_80
image_20240228072824,49,empty,added_80
image_20240228072824,50,empty,added_80
image_20240228072824,51,empty,added_80
image_20240228072824,52,empty,added_80
image_20240228072824,53,empty,added_80
image_20240228072824,54,empty,added_80
image_20240228072824,55,empty,added_80
image_20240228072824,56,empty,added_80
image_20240228072824,57,empty,added_80
image_20240228072824,58,empty,added_80
image_20240228072824,59,empty,added_80
image_20240228072824,60,empty,added_80
image_20240228072824,61,empty,added_80
image_20240228072824,62,occupied,added_80
image_20240228072824,63,occupied,added_80
image_20240228072824,64,empty,added_80
image_20240228072824,65,empty,added_80
image_20240228072824,66,empty,added_80
image_20240228072824,67,occupied,added_80
image_20240228072824,68,empty,added_80
image_20240228072824,69,empty,added_80
image_20240228072824,70,empty,added_80
image_20240228072824,71,empty,added_80
image_20240228072824,72,empty,added_80
image_20240228072824,73,occupied,added_80
image_20240228072824,74,empty,added_80
image_20240228072824,75,occupied,added_80
image_20240228072824,76,occupied,added_80
image_20240228072824,77,occupied,added_80
image_20240228072824,78,occupied,added_80
image_20240228072824,79,empty,added_80
image_20240228072824,80,empty,added_80
image_20240228072824,81,empty,added_80
image_20240228072824,82,empty,added_80
image_20240210092550,1,empty,added_80
image_20240210092550,2,empty,added_80
image_20240210092550,3,empty,added_80
image_20240210092550,4,empty,added_80
image_20240210092550,5,empty,added_80
image_20240210092550,6,empty,added_80
image_20240210092550,7,empty,added_80
image_20240210092550,8,empty,added_80
image_20240210092550,9,empty,added_80
image_20240210092550,10,empty,added_80
image_20240210092550,11,empty,added_80
image_20240210092550,12,empty,added_80
image_20240210092550,13,empty,added_80
image_20240210092550,14,empty,added_80
image_20240210092550,15,empty,added_80
image_20240210092550,16,empty,added_80
image_20240210092550,17,empty,added_80
image_20240210092550,18,empty,added_80
image_20240210092550,19,empty,added_80
image_20240210092550,20,empty,added_80
image_20240210092550,21,empty,added_80
image_20240210092550,22,empty,added_80
image_20240210092550,23,empty,added_80
image_20240210092550,24,empty,added_80
image_20240210092550,25,empty,added_80
image_20240210092550,26,empty,added_80
image_20240210092550,27,empty,added_80
image_20240210092550,28,empty,added_80
image_20240210092550,29,empty,added_80
image_20240210092550,30,empty,added_80
image_20240210092550,31,empty,added_80
image_20240210092550,32,empty,added_80
image_20240210092550,33,empty,added_80
image_20240210092550,34,empty,added_80
image_20240210092550,35,empty,added_80
image_20240210092550,36,empty,added_80
image_20240210092550,37,empty,added_80
image_20240210092550,38,empty,added_80
image_20240210092550,39,empty,added_80
image_20240210092550,40,empty,added_80
image_20240210092550,41,empty,added_80
image_20240210092550,42,empty,added_80
image_20240210092550,43,empty,added_80
image_20240210092550,44,empty,added_80
image_20240210092550,45,empty,added_80
image_20240210092550,46,empty,added_80
image_20240210092550,47,empty,added_80
image_20240210092550,48,empty,added_80
image_20240210092550,49,empty,added_80
image_20240210092550,50,empty,added_80
image_20240210092550,51,empty,added_80
image_20240210092550,52,empty,added_80
image_20240210092550,53,empty,added_80
image_20240210092550,54,empty,added_80
image_20240210092550,55,empty,added_80
image_20240210092550,56,empty,added_80
image_20240210092550,57,empty,added_80
image_20240210092550,58,empty,added_80
image_20240210092550,59,empty,added_80
image_20240210092550,60,empty,added_80
image_20240210092550,61,empty,added_80
image_20240210092550,62,empty,added_80
image_20240210092550,63,empty,added_80
image_20240210092550,64,empty,added_80
image_20240210092550,65,empty,added_80
image_20240210092550,66,empty,added_80
image_20240210092550,67,empty,added_80
image_20240210092550,68,empty,added_80
image_20240210092550,69,empty,added_80
image_20240210092550,70,occupied,added_80
image_20240210092550,71,empty,added_80
image_20240210092550,72,empty,added_80
image_20240210092550,73,occupied,added_80
image_20240210092550,74,empty,added_80
image_20240210092550,75,occupied,added_80
image_20240210092550,76,empty,added_80
image_20240210092550,77,occupied,added_80
image_20240210092550,78,occupied,added_80
image_20240210092550,79,empty,added_80
image_20240210092550,80,empty,added_80
image_20240210092550,81,empty,added_80
image_20240210092550,82,empty,added_80
image_20240228135030,1,empty,added_80
image_20240228135030,2,empty,added_80
image_20240228135030,3,occupied,added_80
image_20240228135030,4,empty,added_80
image_20240228135030,5,empty,added_80
image_20240228135030,6,empty,added_80
image_20240228135030,7,empty,added_80
image_20240228135030,8,occupied,added_80
image_20240228135030,9,occupied,added_80
image_20240228135030,10,occupied,added_80
image_20240228135030,11,occupied,added_80
image_20240228135030,12,occupied,added_80
image_20240228135030,13,occupied,added_80
image_20240228135030,14,occupied,added_80
image_20240228135030,15,occupied,added_80
image_20240228135030,16,occupied,added_80
image_20240228135030,17,occupied,added_80
image_20240228135030,18,empty,added_80
image_20240228135030,19,occupied,added_80
image_20240228135030,20,occupied,added_80
image_20240228135030,21,occupied,added_80
image_20240228135030,22,occupied,added_80
image_20240228135030,23,occupied,added_80
image_20240228135030,24,occupied,added_80
image_20240228135030,25,occupied,added_80
image_20240228135030,26,occupied,added_80
image_20240228135030,27,occupied,added_80
image_20240228135030,28,empty,added_80
image_20240228135030,29,empty,added_80
image_20240228135030,30,occupied,added_80
image_20240228135030,31,occupied,added_80
image_20240228135030,32,occupied,added_80
image_20240228135030,33,occupied,added_80
image_20240228135030,34,occupied,added_80
image_20240228135030,35,occupied,added_80
image_20240228135030,36,occupied,added_80
image_20240228135030,37,occupied,added_80
image_20240228135030,38,occupied,added_80
image_20240228135030,39,empty,added_80
image_20240228135030,40,occupied,added_80
image_20240228135030,41,occupied,added_80
image_20240228135030,42,occupied,added_80
image_20240228135030,43,occupied,added_80
image_20240228135030,44,occupied,added_80
image_20240228135030,45,occupied,added_80
image_20240228135030,46,empty,added_80
image_20240228135030,47,occupied,added_80
image_20240228135030,48,empty,added_80
image_20240228135030,49,empty,added_80
image_20240228135030,50,empty,added_80
image_20240228135030,51,empty,added_80
image_20240228135030,52,empty,added_80
image_20240228135030,53,empty,added_80
image_20240228135030,54,empty,added_80
image_20240228135030,55,empty,added_80
image_20240228135030,56,empty,added_80
image_20240228135030,57,empty,added_80
image_20240228135030,58,empty,added_80
image_20240228135030,59,empty,added_80
image_20240228135030,60,occupied,added_80
image_20240228135030,61,occupied,added_80
image_20240228135030,62,occupied,added_80
image_20240228135030,63,occupied,added_80
image_20240228135030,64,occupied,added_80
image_20240228135030,65,occupied,added_80
image_20240228135030,66,occupied,added_80
image_20240228135030,67,occupied,added_80
image_20240228135030,68,occupied,added_80
image_20240228135030,69,occupied,added_80
image_20240228135030,70,occupied,added_80
image_20240228135030,71,occupied,added_80
image_20240228135030,72,occupied,added_80
image_20240228135030,73,occupied,added_80
image_20240228135030,74,occupied,added_80
image_20240228135030,75,occupied,added_80
image_20240228135030,76,occupied,added_80
image_20240228135030,77,occupied,added_80
image_20240228135030,78,occupied,added_80
image_20240228135030,79,occupied,added_80
image_20240228135030,80,empty,added_80
image_20240228135030,81,empty,added_80
image_20240228135030,82,empty,added_80
image_20240110143027,1,empty,added_80
image_20240110143027,2,occupied,added_80
image_20240110143027,3,empty,added_80
image_20240110143027,4,occupied,added_80
image_20240110143027,5,occupied,added_80
image_20240110143027,6,occupied,added_80
image_20240110143027,7,occupied,added_80
image_20240110143027,8,occupied,added_80
image_20240110143027,9,occupied,added_80
image_20240110143027,10,occupied,added_80
image_20240110143027,11,occupied,added_80
image_20240110143027,12,occupied,added_80
image_20240110143027,13,occupied,added_80
image_20240110143027,14,occupied,added_80
image_20240110143027,15,occupied,added_80
image_20240110143027,16,occupied,added_80
image_20240110143027,17,occupied,added_80
image_20240110143027,18,occupied,added_80
image_20240110143027,19,occupied,added_80
image_20240110143027,20,occupied,added_80
image_20240110143027,21,empty,added_80
image_20240110143027,22,empty,added_80
image_20240110143027,23,occupied,added_80
image_20240110143027,24,occupied,added_80
image_20240110143027,25,occupied,added_80
image_20240110143027,26,occupied,added_80
image_20240110143027,27,occupied,added_80
image_20240110143027,28,occupied,added_80
image_20240110143027,29,occupied,added_80
image_20240110143027,30,occupied,added_80
image_20240110143027,31,occupied,added_80
image_20240110143027,32,occupied,added_80
image_20240110143027,33,occupied,added_80
image_20240110143027,34,occupied,added_80
image_20240110143027,35,occupied,added_80
image_20240110143027,36,occupied,added_80
image_20240110143027,37,occupied,added_80
image_20240110143027,38,occupied,added_80
image_20240110143027,39,occupied,added_80
image_20240110143027,40,empty,added_80
image_20240110143027,41,occupied,added_80
image_20240110143027,42,occupied,added_80
image_20240110143027,43,occupied,added_80
image_20240110143027,44,occupied,added_80
image_20240110143027,45,occupied,added_80
image_20240110143027,46,occupied,added_80
image_20240110143027,47,empty,added_80
image_20240110143027,48,occupied,added_80
image_20240110143027,49,occupied,added_80
image_20240110143027,50,empty,added_80
image_20240110143027,51,empty,added_80
image_20240110143027,52,empty,added_80
image_20240110143027,53,empty,added_80
image_20240110143027,54,empty,added_80
image_20240110143027,55,empty,added_80
image_20240110143027,56,empty,added_80
image_20240110143027,57,empty,added_80
image_20240110143027,58,empty,added_80
image_20240110143027,59,occupied,added_80
image_20240110143027,60,occupied,added_80
image_20240110143027,61,occupied,added_80
image_20240110143027,62,occupied,added_80
image_20240110143027,63,occupied,added_80
image_20240110143027,64,occupied,added_80
image_20240110143027,65,occupied,added_80
image_20240110143027,66,occupied,added_80
image_20240110143027,67,empty,added_80
image_20240110143027,68,occupied,added_80
image_20240110143027,69,occupied,added_80
image_20240110143027,70,occupied,added_80
image_20240110143027,71,occupied,added_80
image_20240110143027,72,occupied,added_80
image_20240110143027,73,empty,added_80
image_20240110143027,74,occupied,added_80
image_20240110143027,75,occupied,added_80
image_20240110143027,76,occupied,added_80
image_20240110143027,77,occupied,added_80
image_20240110143027,78,occupied,added_80
image_20240110143027,79,occupied,added_80
image_20240110143027,80,empty,added_80
image_20240110143027,81,empty,added_80
image_20240110143027,82,empty,added_80
image_20240123095256,1,empty,added_80
image_20240123095256,2,empty,added_80
image_20240123095256,3,empty,added_80
image_20240123095256,4,empty,added_80
image_20240123095256,5,empty,added_80
image_20240123095256,6,empty,added_80
image_20240123095256,7,empty,added_80
image_20240123095256,8,occupied,added_80
image_20240123095256,9,occupied,added_80
image_20240123095256,10,occupied,added_80
image_20240123095256,11,occupied,added_80
image_20240123095256,12,occupied,added_80
image_20240123095256,13,occupied,added_80
image_20240123095256,14,occupied,added_80
image_20240123095256,15,occupied,added_80
image_20240123095256,16,occupied,added_80
image_20240123095256,17,occupied,added_80
image_20240123095256,18,occupied,added_80
image_20240123095256,19,occupied,added_80
image_20240123095256,20,occupied,added_80
image_20240123095256,21,occupied,added_80
image_20240123095256,22,occupied,added_80
image_20240123095256,23,occupied,added_80
image_20240123095256,24,empty,added_80
image_20240123095256,25,empty,added_80
image_20240123095256,26,empty,added_80
image_20240123095256,27,empty,added_80
image_20240123095256,28,empty,added_80
image_20240123095256,29,empty,added_80
image_20240123095256,30,occupied,added_80
image_20240123095256,31,occupied,added_80
image_20240123095256,32,occupied,added_80
image_20240123095256,33,occupied,added_80
image_20240123095256,34,occupied,added_80
image_20240123095256,35,occupied,added_80
image_20240123095256,36,occupied,added_80
image_20240123095256,37,occupied,added_80
image_20240123095256,38,occupied,added_80
image_20240123095256,39,occupied,added_80
image_20240123095256,40,occupied,added_80
image_20240123095256,41,occupied,added_80
image_20240123095256,42,occupied,added_80
image_20240123095256,43,occupied,added_80
image_20240123095256,44,empty,added_80
image_20240123095256,45,empty,added_80
image_20240123095256,46,empty,added_80
image_20240123095256,47,occupied,added_80
image_20240123095256,48,empty,added_80
image_20240123095256,49,occupied,added_80
image_20240123095256,50,empty,added_80
image_20240123095256,51,empty,added_80
image_20240123095256,52,empty,added_80
image_20240123095256,53,empty,added_80
image_20240123095256,54,empty,added_80
image_20240123095256,55,empty,added_80
image_20240123095256,56,empty,added_80
image_20240123095256,57,empty,added_80
image_20240123095256,58,empty,added_80
image_20240123095256,59,empty,added_80
image_20240123095256,60,empty,added_80
image_20240123095256,61,empty,added_80
image_20240123095256,62,empty,added_80
image_20240123095256,63,empty,added_80
image_20240123095256,64,empty,added_80
image_20240123095256,65,empty,added_80
image_20240123095256,66,occupied,added_80
image_20240123095256,67,occupied,added_80
image_20240123095256,68,occupied,added_80
image_20240123095256,69,occupied,added_80
image_20240123095256,70,occupied,added_80
image_20240123095256,71,occupied,added_80
image_20240123095256,72,occupied,added_80
image_20240123095256,73,occupied,added_80
image_20240123095256,74,occupied,added_80
image_20240123095256,75,occupied,added_80
image_20240123095256,76,occupied,added_80
image_20240123095256,77,occupied,added_80
image_20240123095256,78,occupied,added_80
image_20240123095256,79,occupied,added_80
image_20240123095256,80,empty,added_80
image_20240123095256,81,empty,added_80
image_20240123095256,82,empty,added_80
image_20240130092725,1,empty,added_80
image_20240130092725,2,empty,added_80
image_20240130092725,3,empty,added_80
image_20240130092725,4,empty,added_80
image_20240130092725,5,empty,added_80
image_20240130092725,6,empty,added_80
image_20240130092725,7,empty,added_80
image_20240130092725,8,occupied,added_80
image_20240130092725,9,occupied,added_80
image_20240130092725,10,occupied,added_80
image_20240130092725,11,occupied,added_80
image_20240130092725,12,occupied,added_80
image_20240130092725,13,occupied,added_80
image_20240130092725,14,occupied,added_80
image_20240130092725,15,occupied,added_80
image_20240130092725,16,empty,added_80
image_20240130092725,17,occupied,added_80
image_20240130092725,18,occupied,added_80
image_20240130092725,19,occupied,added_80
image_20240130092725,20,empty,added_80
image_20240130092725,21,empty,added_80
image_20240130092725,22,empty,added_80
image_20240130092725,23,empty,added_80
image_20240130092725,24,empty,added_80
image_20240130092725,25,empty,added_80
image_20240130092725,26,empty,added_80
image_20240130092725,27,empty,added_80
image_20240130092725,28,occupied,added_80
image_20240130092725,29,empty,added_80
image_20240130092725,30,occupied,added_80
image_20240130092725,31,occupied,added_80
image_20240130092725,32,occupied,added_80
image_20240130092725,33,occupied,added_80
image_20240130092725,34,occupied,added_80
image_20240130092725,35,occupied,added_80
image_20240130092725,36,occupied,added_80
image_20240130092725,37,occupied,added_80
image_20240130092725,38,occupied,added_80
image_20240130092725,39,occupied,added_80
image_20240130092725,40,empty,added_80
image_20240130092725,41,empty,added_80
image_20240130092725,42,empty,added_80
image_20240130092725,43,empty,added_80
image_20240130092725,44,empty,added_80
image_20240130092725,45,empty,added_80
image_20240130092725,46,empty,added_80
image_20240130092725,47,empty,added_80
image_20240130092725,48,empty,added_80
image_20240130092725,49,empty,added_80
image_20240130092725,50,empty,added_80
image_20240130092725,51,empty,added_80
image_20240130092725,52,empty,added_80
image_20240130092725,53,empty,added_80
image_20240130092725,54,empty,added_80
image_20240130092725,55,empty,added_80
image_20240130092725,56,empty,added_80
image_20240130092725,57,empty,added_80
image_20240130092725,58,empty,added_80
image_20240130092725,59,empty,added_80
image_20240130092725,60,empty,added_80
image_20240130092725,61,empty,added_80
image_20240130092725,62,empty,added_80
image_20240130092725,63,occupied,added_80
image_20240130092725,64,empty,added_80
image_20240130092725,65,empty,added_80
image_20240130092725,66,empty,added_80
image_20240130092725,67,occupied,added_80
image_20240130092725,68,occupied,added_80
image_20240130092725,69,occupied,added_80
image_20240130092725,70,occupied,added_80
image_20240130092725,71,occupied,added_80
image_20240130092725,72,occupied,added_80
image_20240130092725,73,occupied,added_80
image_20240130092725,74,occupied,added_80
image_20240130092725,75,occupied,added_80
image_20240130092725,76,occupied,added_80
image_20240130092725,77,occupied,added_80
image_20240130092725,78,occupied,added_80
image_20240130092725,79,occupied,added_80
image_20240130092725,80,empty,added_80
image_20240130092725,81,empty,added_80
image_20240130092725,82,empty,added_80
image_20240309062245,1,empty,added_80
image_20240309062245,2,empty,added_80
image_20240309062245,3,empty,added_80
image_20240309062245,4,empty,added_80
image_20240309062245,5,empty,added_80
image_20240309062245,6,empty,added_80
image_20240309062245,7,empty,added_80
image_20240309062245,8,empty,added_80
image_20240309062245,9,empty,added_80
image_20240309062245,10,empty,added_80
image_20240309062245,11,empty,added_80
image_20240309062245,12,occupied,added_80
image_20240309062245,13,empty,added_80
image_20240309062245,14,empty,added_80
image_20240309062245,15,empty,added_80
image_20240309062245,16,empty,added_80
image_20240309062245,17,empty,added_80
image_20240309062245,18,empty,added_80
image_20240309062245,19,empty,added_80
image_20240309062245,20,empty,added_80
image_20240309062245,21,empty,added_80
image_20240309062245,22,empty,added_80
image_20240309062245,23,empty,added_80
image_20240309062245,24,empty,added_80
image_20240309062245,25,empty,added_80
image_20240309062245,26,empty,added_80
image_20240309062245,27,empty,added_80
image_20240309062245,28,empty,added_80
image_20240309062245,29,empty,added_80
image_20240309062245,30,empty,added_80
image_20240309062245,31,empty,added_80
image_20240309062245,32,empty,added_80
image_20240309062245,33,empty,added_80
image_20240309062245,34,occupied,added_80
image_20240309062245,35,empty,added_80
image_20240309062245,36,empty,added_80
image_20240309062245,37,empty,added_80
image_20240309062245,38,empty,added_80
image_20240309062245,39,empty,added_80
image_20240309062245,40,empty,added_80
image_20240309062245,41,empty,added_80
image_20240309062245,42,empty,added_80
image_20240309062245,43,empty,added_80
image_20240309062245,44,empty,added_80
image_20240309062245,45,empty,added_80
image_20240309062245,46,empty,added_80
image_20240309062245,47,empty,added_80
image_20240309062245,48,empty,added_80
image_20240309062245,49,empty,added_80
image_20240309062245,50,empty,added_80
image_20240309062245,51,empty,added_80
image_20240309062245,52,empty,added_80
image_20240309062245,53,empty,added_80
image_20240309062245,54,empty,added_80
image_20240309062245,55,empty,added_80
image_20240309062245,56,empty,added_80
image_20240309062245,57,empty,added_80
image_20240309062245,58,empty,added_80
image_20240309062245,59,occupied,added_80
image_20240309062245,60,empty,added_80
image_20240309062245,61,empty,added_80
image_20240309062245,62,empty,added_80
image_20240309062245,63,empty,added_80
image_20240309062245,64,empty,added_80
image_20240309062245,65,empty,added_80
image_20240309062245,66,empty,added_80
image_20240309062245,67,empty,added_80
image_20240309062245,68,empty,added_80
image_20240309062245,69,empty,added_80
image_20240309062245,70,empty,added_80
image_20240309062245,71,empty,added_80
image_20240309062245,72,empty,added_80
image_20240309062245,73,empty,added_80
image_20240309062245,74,empty,added_80
image_20240309062245,75,empty,added_80
image_20240309062245,76,empty,added_80
image_20240309062245,77,empty,added_80
image_20240309062245,78,empty,added_80
image_20240309062245,79,empty,added_80
image_20240309062245,80,empty,added_80
image_20240309062245,81,empty,added_80
image_20240309062245,82,empty,added_80
image_20231228122323,1,empty,added_80
image_20231228122323,2,empty,added_80
image_20231228122323,3,empty,added_80
image_20231228122323,4,empty,added_80
image_20231228122323,5,empty,added_80
image_20231228122323,6,empty,added_80
image_20231228122323,7,empty,added_80
image_20231228122323,8,empty,added_80
image_20231228122323,9,empty,added_80
image_20231228122323,10,occupied,added_80
image_20231228122323,11,occupied,added_80
image_20231228122323,12,occupied,added_80
image_20231228122323,13,occupied,added_80
image_20231228122323,14,occupied,added_80
image_20231228122323,15,occupied,added_80
image_20231228122323,16,occupied,added_80
image_20231228122323,17,occupied,added_80
image_20231228122323,18,occupied,added_80
image_20231228122323,19,empty,added_80
image_20231228122323,20,occupied,added_80
image_20231228122323,21,occupied,added_80
image_20231228122323,22,empty,added_80
image_20231228122323,23,empty,added_80
image_20231228122323,24,empty,added_80
image_20231228122323,25,empty,added_80
image_20231228122323,26,empty,added_80
image_20231228122323,27,empty,added_80
image_20231228122323,28,empty,added_80
image_20231228122323,29,empty,added_80
image_20231228122323,30,occupied,added_80
image_20231228122323,31,occupied,added_80
image_20231228122323,32,occupied,added_80
image_20231228122323,33,occupied,added_80
image_20231228122323,34,occupied,added_80
image_20231228122323,35,occupied,added_80
image_20231228122323,36,empty,added_80
image_20231228122323,37,occupied,added_80
image_20231228122323,38,occupied,added_80
image_20231228122323,39,occupied,added_80
image_20231228122323,40,empty,added_80
image_20231228122323,41,occupied,added_80
image_20231228122323,42,occupied,added_80
image_20231228122323,43,empty,added_80
image_20231228122323,44,empty,added_80
image_20231228122323,45,empty,added_80
image_20231228122323,46,empty,added_80
image_20231228122323,47,empty,added_80
image_20231228122323,48,empty,added_80
image_20231228122323,49,occupied,added_80
image_20231228122323,50,occupied,added_80
image_20231228122323,51,empty,added_80
image_20231228122323,52,empty,added_80
image_20231228122323,53,occupied,added_80
image_20231228122323,54,empty,added_80
image_20231228122323,55,empty,added_80
image_20231228122323,56,empty,added_80
image_20231228122323,57,empty,added_80
image_20231228122323,58,empty,added_80
image_20231228122323,59,empty,added_80
image_20231228122323,60,empty,added_80
image_20231228122323,61,empty,added_80
image_20231228122323,62,occupied,added_80
image_20231228122323,63,empty,added_80
image_20231228122323,64,occupied,added_80
image_20231228122323,65,empty,added_80
image_20231228122323,66,occupied,added_80
image_20231228122323,67,occupied,added_80
image_20231228122323,68,occupied,added_80
image_20231228122323,69,empty,added_80
image_20231228122323,70,occupied,added_80
image_20231228122323,71,occupied,added_80
image_20231228122323,72,occupied,added_80
image_20231228122323,73,occupied,added_80
image_20231228122323,74,occupied,added_80
image_20231228122323,75,empty,added_80
image_20231228122323,76,occupied,added_80
image_20231228122323,77,occupied,added_80
image_20231228122323,78,occupied,added_80
image_20231228122323,79,occupied,added_80
image_20231228122323,80,empty,added_80
image_20231228122323,81,empty,added_80
image_20231228122323,82,empty,added_80
image_20240110064759,1,empty,added_80
image_20240110064759,2,empty,added_80
image_20240110064759,3,empty,added_80
image_20240110064759,4,empty,added_80
image_20240110064759,5,empty,added_80
image_20240110064759,6,empty,added_80
image_20240110064759,7,empty,added_80
image_20240110064759,8,empty,added_80
image_20240110064759,9,empty,added_80
image_20240110064759,10,empty,added_80
image_20240110064759,11,empty,added_80
image_20240110064759,12,empty,added_80
image_20240110064759,13,empty,added_80
image_20240110064759,14,empty,added_80
image_20240110064759,15,empty,added_80
image_20240110064759,16,empty,added_80
image_20240110064759,17,empty,added_80
image_20240110064759,18,empty,added_80
image_20240110064759,19,empty,added_80
image_20240110064759,20,empty,added_80
image_20240110064759,21,empty,added_80
image_20240110064759,22,empty,added_80
image_20240110064759,23,empty,added_80
image_20240110064759,24,empty,added_80
image_20240110064759,25,empty,added_80
image_20240110064759,26,empty,added_80
image_20240110064759,27,empty,added_80
image_20240110064759,28,empty,added_80
image_20240110064759,29,empty,added_80
image_20240110064759,30,empty,added_80
image_20240110064759,31,empty,added_80
image_20240110064759,32,empty,added_80
image_20240110064759,33,empty,added_80
image_20240110064759,34,empty,added_80
image_20240110064759,35,empty,added_80
image_20240110064759,36,empty,added_80
image_20240110064759,37,empty,added_80
image_20240110064759,38,empty,added_80
image_20240110064759,39,empty,added_80
image_20240110064759,40,empty,added_80
image_20240110064759,41,empty,added_80
image_20240110064759,42,empty,added_80
image_20240110064759,43,empty,added_80
image_20240110064759,44,empty,added_80
image_20240110064759,45,empty,added_80
image_20240110064759,46,empty,added_80
image_20240110064759,47,empty,added_80
image_20240110064759,48,empty,added_80
image_20240110064759,49,empty,added_80
image_20240110064759,50,empty,added_80
image_20240110064759,51,empty,added_80
image_20240110064759,52,empty,added_80
image_20240110064759,53,empty,added_80
image_20240110064759,54,empty,added_80
image_20240110064759,55,empty,added_80
image_20240110064759,56,empty,added_80
image_20240110064759,57,empty,added_80
image_20240110064759,58,empty,added_80
image_20240110064759,59,empty,added_80
image_20240110064759,60,empty,added_80
image_20240110064759,61,empty,added_80
image_20240110064759,62,empty,added_80
image_20240110064759,63,empty,added_80
image_20240110064759,64,empty,added_80
image_20240110064759,65,empty,added_80
image_20240110064759,66,empty,added_80
image_20240110064759,67,empty,added_80
image_20240110064759,68,empty,added_80
image_20240110064759,69,empty,added_80
image_20240110064759,70,empty,added_80
image_20240110064759,71,empty,added_80
image_20240110064759,72,empty,added_80
image_20240110064759,73,empty,added_80
image_20240110064759,74,empty,added_80
image_20240110064759,75,empty,added_80
image_20240110064759,76,occupied,added_80
image_20240110064759,77,empty,added_80
image_20240110064759,78,occupied,added_80
image_20240110064759,79,empty,added_80
image_20240110064759,80,empty,added_80
image_20240110064759,81,empty,added_80
image_20240110064759,82,empty,added_80
image_20240309122445,1,empty,added_80
image_20240309122445,2,empty,added_80
image_20240309122445,3,empty,added_80
image_20240309122445,4,empty,added_80
image_20240309122445,5,empty,added_80
image_20240309122445,6,empty,added_80
image_20240309122445,7,empty,added_80
image_20240309122445,8,empty,added_80
image_20240309122445,9,empty,added_80
image_20240309122445,10,empty,added_80
image_20240309122445,11,occupied,added_80
image_20240309122445,12,empty,added_80
image_20240309122445,13,empty,added_80
image_20240309122445,14,empty,added_80
image_20240309122445,15,empty,added_80
image_20240309122445,16,empty,added_80
image_20240309122445,17,empty,added_80
image_20240309122445,18,empty,added_80
image_20240309122445,19,empty,added_80
image_20240309122445,20,empty,added_80
image_20240309122445,21,empty,added_80
image_20240309122445,22,empty,added_80
image_20240309122445,23,empty,added_80
image_20240309122445,24,empty,added_80
image_20240309122445,25,empty,added_80
image_20240309122445,26,empty,added_80
image_20240309122445,27,empty,added_80
image_20240309122445,28,empty,added_80
image_20240309122445,29,empty,added_80
image_20240309122445,30,occupied,added_80
image_20240309122445,31,empty,added_80
image_20240309122445,32,occupied,added_80
image_20240309122445,33,empty,added_80
image_20240309122445,34,occupied,added_80
image_20240309122445,35,empty,added_80
image_20240309122445,36,empty,added_80
image_20240309122445,37,empty,added_80
image_20240309122445,38,empty,added_80
image_20240309122445,39,empty,added_80
image_20240309122445,40,empty,added_80
image_20240309122445,41,empty,added_80
image_20240309122445,42,empty,added_80
image_20240309122445,43,empty,added_80
image_20240309122445,44,empty,added_80
image_20240309122445,45,empty,added_80
image_20240309122445,46,empty,added_80
image_20240309122445,47,empty,added_80
image_20240309122445,48,empty,added_80
image_20240309122445,49,empty,added_80
image_20240309122445,50,empty,added_80
image_20240309122445,51,empty,added_80
image_20240309122445,52,empty,added_80
image_20240309122445,53,empty,added_80
image_20240309122445,54,empty,added_80
image_20240309122445,55,empty,added_80
image_20240309122445,56,empty,added_80
image_20240309122445,57,empty,added_80
image_20240309122445,58,empty,added_80
image_20240309122445,59,occupied,added_80
image_20240309122445,60,empty,added_80
image_20240309122445,61,occupied,added_80
image_20240309122445,62,empty,added_80
image_20240309122445,63,empty,added_80
image_20240309122445,64,empty,added_80
image_20240309122445,65,empty,added_80
image_20240309122445,66,empty,added_80
image_20240309122445,67,empty,added_80
image_20240309122445,68,empty,added_80
image_20240309122445,69,empty,added_80
image_20240309122445,70,empty,added_80
image_20240309122445,71,empty,added_80
image_20240309122445,72,empty,added_80
image_20240309122445,73,empty,added_80
image_20240309122445,74,empty,added_80
image_20240309122445,75,empty,added_80
image_20240309122445,76,empty,added_80
image_20240309122445,77,empty,added_80
image_20240309122445,78,empty,added_80
image_20240309122445,79,empty,added_80
image_20240309122445,80,empty,added_80
image_20240309122445,81,empty,added_80
image_20240309122445,82,empty,added_80
image_20240110065802,1,empty,added_80
image_20240110065802,2,empty,added_80
image_20240110065802,3,empty,added_80
image_20240110065802,4,empty,added_80
image_20240110065802,5,empty,added_80
image_20240110065802,6,empty,added_80
image_20240110065802,7,empty,added_80
image_20240110065802,8,empty,added_80
image_20240110065802,9,empty,added_80
image_20240110065802,10,empty,added_80
image_20240110065802,11,empty,added_80
image_20240110065802,12,empty,added_80
image_20240110065802,13,empty,added_80
image_20240110065802,14,empty,added_80
image_20240110065802,15,empty,added_80
image_20240110065802,16,empty,added_80
image_20240110065802,17,empty,added_80
image_20240110065802,18,empty,added_80
image_20240110065802,19,empty,added_80
image_20240110065802,20,empty,added_80
image_20240110065802,21,empty,added_80
image_20240110065802,22,empty,added_80
image_20240110065802,23,empty,added_80
image_20240110065802,24,empty,added_80
image_20240110065802,25,empty,added_80
image_20240110065802,26,empty,added_80
image_20240110065802,27,empty,added_80
image_20240110065802,28,empty,added_80
image_20240110065802,29,empty,added_80
image_20240110065802,30,empty,added_80
image_20240110065802,31,empty,added_80
image_20240110065802,32,empty,added_80
image_20240110065802,33,empty,added_80
image_20240110065802,34,empty,added_80
image_20240110065802,35,empty,added_80
image_20240110065802,36,empty,added_80
image_20240110065802,37,empty,added_80
image_20240110065802,38,empty,added_80
image_20240110065802,39,empty,added_80
image_20240110065802,40,empty,added_80
image_20240110065802,41,empty,added_80
image_20240110065802,42,empty,added_80
image_20240110065802,43,empty,added_80
image_20240110065802,44,empty,added_80
image_20240110065802,45,empty,added_80
image_20240110065802,46,empty,added_80
image_20240110065802,47,empty,added_80
image_20240110065802,48,empty,added_80
image_20240110065802,49,empty,added_80
image_20240110065802,50,empty,added_80
image_20240110065802,51,empty,added_80
image_20240110065802,52,empty,added_80
image_20240110065802,53,empty,added_80
image_20240110065802,54,empty,added_80
image_20240110065802,55,empty,added_80
image_20240110065802,56,empty,added_80
image_20240110065802,57,empty,added_80
image_20240110065802,58,empty,added_80
image_20240110065802,59,empty,added_80
image_20240110065802,60,empty,added_80
image_20240110065802,61,empty,added_80
image_20240110065802,62,empty,added_80
image_20240110065802,63,empty,added_80
image_20240110065802,64,empty,added_80
image_20240110065802,65,empty,added_80
image_20240110065802,66,empty,added_80
image_20240110065802,67,empty,added_80
image_20240110065802,68,empty,added_80
image_20240110065802,69,empty,added_80
image_20240110065802,70,empty,added_80
image_20240110065802,71,empty,added_80
image_20240110065802,72,empty,added_80
image_20240110065802,73,empty,added_80
image_20240110065802,74,occupied,added_80
image_20240110065802,75,occupied,added_80
image_20240110065802,76,occupied,added_80
image_20240110065802,77,empty,added_80
image_20240110065802,78,occupied,added_80
image_20240110065802,79,empty,added_80
image_20240110065802,80,empty,added_80
image_20240110065802,81,empty,added_80
image_20240110065802,82,empty,added_80
image_20231212080514,1,empty,added_80
image_20231212080514,2,empty,added_80
image_20231212080514,3,empty,added_80
image_20231212080514,4,empty,added_80
image_20231212080514,5,empty,added_80
image_20231212080514,6,empty,added_80
image_20231212080514,7,empty,added_80
image_20231212080514,8,empty,added_80
image_20231212080514,9,empty,added_80
image_20231212080514,10,empty,added_80
image_20231212080514,11,empty,added_80
image_20231212080514,12,occupied,added_80
image_20231212080514,13,occupied,added_80
image_20231212080514,14,occupied,added_80
image_20231212080514,15,occupied,added_80
image_20231212080514,16,occupied,added_80
image_20231212080514,17,occupied,added_80
image_20231212080514,18,empty,added_80
image_20231212080514,19,empty,added_80
image_20231212080514,20,empty,added_80
image_20231212080514,21,empty,added_80
image_20231212080514,22,empty,added_80
image_20231212080514,23,empty,added_80
image_20231212080514,24,empty,added_80
image_20231212080514,25,empty,added_80
image_20231212080514,26,empty,added_80
image_20231212080514,27,empty,added_80
image_20231212080514,28,empty,added_80
image_20231212080514,29,empty,added_80
image_20231212080514,30,occupied,added_80
image_20231212080514,31,empty,added_80
image_20231212080514,32,empty,added_80
image_20231212080514,33,empty,added_80
image_20231212080514,34,empty,added_80
image_20231212080514,35,empty,added_80
image_20231212080514,36,empty,added_80
image_20231212080514,37,empty,added_80
image_20231212080514,38,empty,added_80
image_20231212080514,39,empty,added_80
image_20231212080514,40,empty,added_80
image_20231212080514,41,empty,added_80
image_20231212080514,42,empty,added_80
image_20231212080514,43,empty,added_80
image_20231212080514,44,empty,added_80
image_20231212080514,45,empty,added_80
image_20231212080514,46,empty,added_80
image_20231212080514,47,empty,added_80
image_20231212080514,48,empty,added_80
image_20231212080514,49,empty,added_80
image_20231212080514,50,empty,added_80
image_20231212080514,51,empty,added_80
image_20231212080514,52,empty,added_80
image_20231212080514,53,occupied,added_80
image_20231212080514,54,empty,added_80
image_20231212080514,55,empty,added_80
image_20231212080514,56,empty,added_80
image_20231212080514,57,empty,added_80
image_20231212080514,58,empty,added_80
image_20231212080514,59,empty,added_80
image_20231212080514,60,empty,added_80
image_20231212080514,61,empty,added_80
image_20231212080514,62,empty,added_80
image_20231212080514,63,empty,added_80
image_20231212080514,64,empty,added_80
image_20231212080514,65,empty,added_80
image_20231212080514,66,empty,added_80
image_20231212080514,67,empty,added_80
image_20231212080514,68,empty,added_80
image_20231212080514,69,empty,added_80
image_20231212080514,70,empty,added_80
image_20231212080514,71,empty,added_80
image_20231212080514,72,empty,added_80
image_20231212080514,73,empty,added_80
image_20231212080514,74,empty,added_80
image_20231212080514,75,empty,added_80
image_20231212080514,76,empty,added_80
image_20231212080514,77,empty,added_80
image_20231212080514,78,occupied,added_80
image_20231212080514,79,occupied,added_80
image_20231212080514,80,empty,added_80
image_20231212080514,81,empty,added_80
image_20231212080514,82,empty,added_80
image_20240228142040,1,empty,added_80
image_20240228142040,2,empty,added_80
image_20240228142040,3,occupied,added_80
image_20240228142040,4,empty,added_80
image_20240228142040,5,empty,added_80
image_20240228142040,6,empty,added_80
image_20240228142040,7,occupied,added_80
image_20240228142040,8,occupied,added_80
image_20240228142040,9,occupied,added_80
image_20240228142040,10,occupied,added_80
image_20240228142040,11,occupied,added_80
image_20240228142040,12,occupied,added_80
image_20240228142040,13,occupied,added_80
image_20240228142040,14,occupied,added_80
image_20240228142040,15,occupied,added_80
image_20240228142040,16,occupied,added_80
image_20240228142040,17,occupied,added_80
image_20240228142040,18,empty,added_80
image_20240228142040,19,occupied,added_80
image_20240228142040,20,occupied,added_80
image_20240228142040,21,occupied,added_80
image_20240228142040,22,occupied,added_80
image_20240228142040,23,empty,added_80
image_20240228142040,24,occupied,added_80
image_20240228142040,25,occupied,added_80
image_20240228142040,26,occupied,added_80
image_20240228142040,27,occupied,added_80
image_20240228142040,28,empty,added_80
image_20240228142040,29,empty,added_80
image_20240228142040,30,occupied,added_80
image_20240228142040,31,occupied,added_80
image_20240228142040,32,occupied,added_80
image_20240228142040,33,occupied,added_80
image_20240228142040,34,occupied,added_80
image_20240228142040,35,occupied,added_80
image_20240228142040,36,occupied,added_80
image_20240228142040,37,occupied,added_80
image_20240228142040,38,occupied,added_80
image_20240228142040,39,occupied,added_80
image_20240228142040,40,occupied,added_80
image_20240228142040,41,occupied,added_80
image_20240228142040,42,occupied,added_80
image_20240228142040,43,occupied,added_80
image_20240228142040,44,occupied,added_80
image_20240228142040,45,occupied,added_80
image_20240228142040,46,occupied,added_80
image_20240228142040,47,occupied,added_80
image_20240228142040,48,occupied,added_80
image_20240228142040,49,empty,added_80
image_20240228142040,50,empty,added_80
image_20240228142040,51,empty,added_80
image_20240228142040,52,empty,added_80
image_20240228142040,53,empty,added_80
image_20240228142040,54,empty,added_80
image_20240228142040,55,empty,added_80
image_20240228142040,56,empty,added_80
image_20240228142040,57,empty,added_80
image_20240228142040,58,empty,added_80
image_20240228142040,59,occupied,added_80
image_20240228142040,60,occupied,added_80
image_20240228142040,61,occupied,added_80
image_20240228142040,62,occupied,added_80
image_20240228142040,63,occupied,added_80
image_20240228142040,64,occupied,added_80
image_20240228142040,65,occupied,added_80
image_20240228142040,66,occupied,added_80
image_20240228142040,67,occupied,added_80
image_20240228142040,68,occupied,added_80
image_20240228142040,69,occupied,added_80
image_20240228142040,70,occupied,added_80
image_20240228142040,71,occupied,added_80
image_20240228142040,72,occupied,added_80
image_20240228142040,73,occupied,added_80
image_20240228142040,74,occupied,added_80
image_20240228142040,75,occupied,added_80
image_20240228142040,76,occupied,added_80
image_20240228142040,77,occupied,added_80
image_20240228142040,78,occupied,added_80
image_20240228142040,79,occupied,added_80
image_20240228142040,80,empty,added_80
image_20240228142040,81,empty,added_80
image_20240228142040,82,empty,added_80
image_20231230142122,1,empty,added_80
image_20231230142122,2,empty,added_80
image_20231230142122,3,empty,added_80
image_20231230142122,4,empty,added_80
image_20231230142122,5,empty,added_80
image_20231230142122,6,empty,added_80
image_20231230142122,7,empty,added_80
image_20231230142122,8,empty,added_80
image_20231230142122,9,empty,added_80
image_20231230142122,10,empty,added_80
image_20231230142122,11,empty,added_80
image_20231230142122,12,empty,added_80
image_20231230142122,13,empty,added_80
image_20231230142122,14,empty,added_80
image_20231230142122,15,empty,added_80
image_20231230142122,16,empty,added_80
image_20231230142122,17,empty,added_80
image_20231230142122,18,empty,added_80
image_20231230142122,19,empty,added_80
image_20231230142122,20,empty,added_80
image_20231230142122,21,empty,added_80
image_20231230142122,22,empty,added_80
image_20231230142122,23,empty,added_80
image_20231230142122,24,empty,added_80
image_20231230142122,25,empty,added_80
image_20231230142122,26,empty,added_80
image_20231230142122,27,empty,added_80
image_20231230142122,28,empty,added_80
image_20231230142122,29,empty,added_80
image_20231230142122,30,empty,added_80
image_20231230142122,31,empty,added_80
image_20231230142122,32,occupied,added_80
image_20231230142122,33,empty,added_80
image_20231230142122,34,occupied,added_80
image_20231230142122,35,empty,added_80
image_20231230142122,36,empty,added_80
image_20231230142122,37,empty,added_80
image_20231230142122,38,empty,added_80
image_20231230142122,39,empty,added_80
image_20231230142122,40,empty,added_80
image_20231230142122,41,empty,added_80
image_20231230142122,42,empty,added_80
image_20231230142122,43,empty,added_80
image_20231230142122,44,empty,added_80
image_20231230142122,45,empty,added_80
image_20231230142122,46,empty,added_80
image_20231230142122,47,empty,added_80
image_20231230142122,48,empty,added_80
image_20231230142122,49,empty,added_80
image_20231230142122,50,empty,added_80
image_20231230142122,51,empty,added_80
image_20231230142122,52,empty,added_80
image_20231230142122,53,empty,added_80
image_20231230142122,54,empty,added_80
image_20231230142122,55,empty,added_80
image_20231230142122,56,empty,added_80
image_20231230142122,57,empty,added_80
image_20231230142122,58,empty,added_80
image_20231230142122,59,empty,added_80
image_20231230142122,60,empty,added_80
image_20231230142122,61,empty,added_80
image_20231230142122,62,empty,added_80
image_20231230142122,63,empty,added_80
image_20231230142122,64,empty,added_80
image_20231230142122,65,empty,added_80
image_20231230142122,66,empty,added_80
image_20231230142122,67,empty,added_80
image_20231230142122,68,empty,added_80
image_20231230142122,69,empty,added_80
image_20231230142122,70,empty,added_80
image_20231230142122,71,empty,added_80
image_20231230142122,72,empty,added_80
image_20231230142122,73,empty,added_80
image_20231230142122,74,empty,added_80
image_20231230142122,75,empty,added_80
image_20231230142122,76,occupied,added_80
image_20231230142122,77,empty,added_80
image_20231230142122,78,empty,added_80
image_20231230142122,79,empty,added_80
image_20231230142122,80,empty,added_80
image_20231230142122,81,empty,added_80
image_20231230142122,82,empty,added_80
image_20240110132004,1,empty,added_80
image_20240110132004,2,occupied,added_80
image_20240110132004,3,empty,added_80
image_20240110132004,4,occupied,added_80
image_20240110132004,5,occupied,added_80
image_20240110132004,6,empty,added_80
image_20240110132004,7,occupied,added_80
image_20240110132004,8,occupied,added_80
image_20240110132004,9,occupied,added_80
image_20240110132004,10,empty,added_80
image_20240110132004,11,occupied,added_80
image_20240110132004,12,occupied,added_80
image_20240110132004,13,occupied,added_80
image_20240110132004,14,occupied,added_80
image_20240110132004,15,occupied,added_80
image_20240110132004,16,occupied,added_80
image_20240110132004,17,occupied,added_80
image_20240110132004,18,occupied,added_80
image_20240110132004,19,occupied,added_80
image_20240110132004,20,occupied,added_80
image_20240110132004,21,occupied,added_80
image_20240110132004,22,occupied,added_80
image_20240110132004,23,occupied,added_80
image_20240110132004,24,occupied,added_80
image_20240110132004,25,occupied,added_80
image_20240110132004,26,occupied,added_80
image_20240110132004,27,occupied,added_80
image_20240110132004,28,occupied,added_80
image_20240110132004,29,occupied,added_80
image_20240110132004,30,occupied,added_80
image_20240110132004,31,occupied,added_80
image_20240110132004,32,occupied,added_80
image_20240110132004,33,occupied,added_80
image_20240110132004,34,occupied,added_80
image_20240110132004,35,occupied,added_80
image_20240110132004,36,occupied,added_80
image_20240110132004,37,occupied,added_80
image_20240110132004,38,occupied,added_80
image_20240110132004,39,occupied,added_80
image_20240110132004,40,occupied,added_80
image_20240110132004,41,occupied,added_80
image_20240110132004,42,occupied,added_80
image_20240110132004,43,occupied,added_80
image_20240110132004,44,occupied,added_80
image_20240110132004,45,occupied,added_80
image_20240110132004,46,occupied,added_80
image_20240110132004,47,empty,added_80
image_20240110132004,48,occupied,added_80
image_20240110132004,49,occupied,added_80
image_20240110132004,50,empty,added_80
image_20240110132004,51,empty,added_80
image_20240110132004,52,empty,added_80
image_20240110132004,53,empty,added_80
image_20240110132004,54,empty,added_80
image_20240110132004,55,empty,added_80
image_20240110132004,56,empty,added_80
image_20240110132004,57,empty,added_80
image_20240110132004,58,empty,added_80
image_20240110132004,59,occupied,added_80
image_20240110132004,60,occupied,added_80
image_20240110132004,61,occupied,added_80
image_20240110132004,62,occupied,added_80
image_20240110132004,63,occupied,added_80
image_20240110132004,64,occupied,added_80
image_20240110132004,65,occupied,added_80
image_20240110132004,66,occupied,added_80
image_20240110132004,67,empty,added_80
image_20240110132004,68,occupied,added_80
image_20240110132004,69,occupied,added_80
image_20240110132004,70,occupied,added_80
image_20240110132004,71,occupied,added_80
image_20240110132004,72,occupied,added_80
image_20240110132004,73,occupied,added_80
image_20240110132004,74,occupied,added_80
image_20240110132004,75,occupied,added_80
image_20240110132004,76,occupied,added_80
image_20240110132004,77,occupied,added_80
image_20240110132004,78,occupied,added_80
image_20240110132004,79,occupied,added_80
image_20240110132004,80,empty,added_80
image_20240110132004,81,empty,added_80
image_20240110132004,82,empty,added_80
image_20231230065901,1,empty,added_80
image_20231230065901,2,empty,added_80
image_20231230065901,3,empty,added_80
image_20231230065901,4,empty,added_80
image_20231230065901,5,empty,added_80
image_20231230065901,6,empty,added_80
image_20231230065901,7,empty,added_80
image_20231230065901,8,empty,added_80
image_20231230065901,9,empty,added_80
image_20231230065901,10,empty,added_80
image_20231230065901,11,empty,added_80
image_20231230065901,12,empty,added_80
image_20231230065901,13,empty,added_80
image_20231230065901,14,empty,added_80
image_20231230065901,15,empty,added_80
image_20231230065901,16,empty,added_80
image_20231230065901,17,empty,added_80
image_20231230065901,18,empty,added_80
image_20231230065901,19,empty,added_80
image_20231230065901,20,empty,added_80
image_20231230065901,21,empty,added_80
image_20231230065901,22,empty,added_80
image_20231230065901,23,empty,added_80
image_20231230065901,24,empty,added_80
image_20231230065901,25,empty,added_80
image_20231230065901,26,empty,added_80
image_20231230065901,27,empty,added_80
image_20231230065901,28,empty,added_80
image_20231230065901,29,empty,added_80
image_20231230065901,30,empty,added_80
image_20231230065901,31,empty,added_80
image_20231230065901,32,empty,added_80
image_20231230065901,33,empty,added_80
image_20231230065901,34,empty,added_80
image_20231230065901,35,empty,added_80
image_20231230065901,36,empty,added_80
image_20231230065901,37,empty,added_80
image_20231230065901,38,empty,added_80
image_20231230065901,39,empty,added_80
image_20231230065901,40,empty,added_80
image_20231230065901,41,empty,added_80
image_20231230065901,42,empty,added_80
image_20231230065901,43,empty,added_80
image_20231230065901,44,empty,added_80
image_20231230065901,45,empty,added_80
image_20231230065901,46,empty,added_80
image_20231230065901,47,empty,added_80
image_20231230065901,48,empty,added_80
image_20231230065901,49,empty,added_80
image_20231230065901,50,empty,added_80
image_20231230065901,51,empty,added_80
image_20231230065901,52,empty,added_80
image_20231230065901,53,empty,added_80
image_20231230065901,54,empty,added_80
image_20231230065901,55,empty,added_80
image_20231230065901,56,empty,added_80
image_20231230065901,57,empty,added_80
image_20231230065901,58,empty,added_80
image_20231230065901,59,empty,added_80
image_20231230065901,60,empty,added_80
image_20231230065901,61,empty,added_80
image_20231230065901,62,empty,added_80
image_20231230065901,63,empty,added_80
image_20231230065901,64,empty,added_80
image_20231230065901,65,empty,added_80
image_20231230065901,66,empty,added_80
image_20231230065901,67,empty,added_80
image_20231230065901,68,empty,added_80
image_20231230065901,69,empty,added_80
image_20231230065901,70,empty,added_80
image_20231230065901,71,empty,added_80
image_20231230065901,72,empty,added_80
image_20231230065901,73,empty,added_80
image_20231230065901,74,empty,added_80
image_20231230065901,75,empty,added_80
image_20231230065901,76,empty,added_80
image_20231230065901,77,occupied,added_80
image_20231230065901,78,empty,added_80
image_20231230065901,79,empty,added_80
image_20231230065901,80,empty,added_80
image_20231230065901,81,empty,added_80
image_20231230065901,82,empty,added_80
image_20231228093226,1,empty,added_80
image_20231228093226,2,empty,added_80
image_20231228093226,3,empty,added_80
image_20231228093226,4,empty,added_80
image_20231228093226,5,empty,added_80
image_20231228093226,6,empty,added_80
image_20231228093226,7,empty,added_80
image_20231228093226,8,empty,added_80
image_20231228093226,9,empty,added_80
image_20231228093226,10,empty,added_80
image_20231228093226,11,empty,added_80
image_20231228093226,12,empty,added_80
image_20231228093226,13,empty,added_80
image_20231228093226,14,occupied,added_80
image_20231228093226,15,occupied,added_80
image_20231228093226,16,occupied,added_80
image_20231228093226,17,occupied,added_80
image_20231228093226,18,occupied,added_80
image_20231228093226,19,empty,added_80
image_20231228093226,20,occupied,added_80
image_20231228093226,21,empty,added_80
image_20231228093226,22,empty,added_80
image_20231228093226,23,empty,added_80
image_20231228093226,24,empty,added_80
image_20231228093226,25,empty,added_80
image_20231228093226,26,empty,added_80
image_20231228093226,27,empty,added_80
image_20231228093226,28,empty,added_80
image_20231228093226,29,empty,added_80
image_20231228093226,30,occupied,added_80
image_20231228093226,31,occupied,added_80
image_20231228093226,32,occupied,added_80
image_20231228093226,33,occupied,added_80
image_20231228093226,34,empty,added_80
image_20231228093226,35,occupied,added_80
image_20231228093226,36,occupied,added_80
image_20231228093226,37,occupied,added_80
image_20231228093226,38,occupied,added_80
image_20231228093226,39,empty,added_80
image_20231228093226,40,empty,added_80
image_20231228093226,41,empty,added_80
image_20231228093226,42,empty,added_80
image_20231228093226,43,empty,added_80
image_20231228093226,44,empty,added_80
image_20231228093226,45,empty,added_80
image_20231228093226,46,empty,added_80
image_20231228093226,47,empty,added_80
image_20231228093226,48,empty,added_80
image_20231228093226,49,empty,added_80
image_20231228093226,50,occupied,added_80
image_20231228093226,51,empty,added_80
image_20231228093226,52,empty,added_80
image_20231228093226,53,empty,added_80
image_20231228093226,54,empty,added_80
image_20231228093226,55,empty,added_80
image_20231228093226,56,empty,added_80
image_20231228093226,57,empty,added_80
image_20231228093226,58,empty,added_80
image_20231228093226,59,empty,added_80
image_20231228093226,60,empty,added_80
image_20231228093226,61,empty,added_80
image_20231228093226,62,empty,added_80
image_20231228093226,63,empty,added_80
image_20231228093226,64,occupied,added_80
image_20231228093226,65,empty,added_80
image_20231228093226,66,empty,added_80
image_20231228093226,67,empty,added_80
image_20231228093226,68,empty,added_80
image_20231228093226,69,empty,added_80
image_20231228093226,70,empty,added_80
image_20231228093226,71,occupied,added_80
image_20231228093226,72,occupied,added_80
image_20231228093226,73,occupied,added_80
image_20231228093226,74,occupied,added_80
image_20231228093226,75,empty,added_80
image_20231228093226,76,occupied,added_80
image_20231228093226,77,occupied,added_80
image_20231228093226,78,occupied,added_80
image_20231228093226,79,occupied,added_80
image_20231228093226,80,empty,added_80
image_20231228093226,81,empty,added_80
image_20231228093226,82,empty,added_80
image_20240225141011,1,empty,added_80
image_20240225141011,2,occupied,added_80
image_20240225141011,3,empty,added_80
image_20240225141011,4,empty,added_80
image_20240225141011,5,empty,added_80
image_20240225141011,6,empty,added_80
image_20240225141011,7,empty,added_80
image_20240225141011,8,empty,added_80
image_20240225141011,9,empty,added_80
image_20240225141011,10,empty,added_80
image_20240225141011,11,empty,added_80
image_20240225141011,12,empty,added_80
image_20240225141011,13,occupied,added_80
image_20240225141011,14,occupied,added_80
image_20240225141011,15,empty,added_80
image_20240225141011,16,empty,added_80
image_20240225141011,17,occupied,added_80
image_20240225141011,18,occupied,added_80
image_20240225141011,19,occupied,added_80
image_20240225141011,20,empty,added_80
image_20240225141011,21,empty,added_80
image_20240225141011,22,empty,added_80
image_20240225141011,23,empty,added_80
image_20240225141011,24,empty,added_80
image_20240225141011,25,empty,added_80
image_20240225141011,26,empty,added_80
image_20240225141011,27,empty,added_80
image_20240225141011,28,empty,added_80
image_20240225141011,29,empty,added_80
image_20240225141011,30,occupied,added_80
image_20240225141011,31,occupied,added_80
image_20240225141011,32,occupied,added_80
image_20240225141011,33,occupied,added_80
image_20240225141011,34,empty,added_80
image_20240225141011,35,empty,added_80
image_20240225141011,36,empty,added_80
image_20240225141011,37,empty,added_80
image_20240225141011,38,empty,added_80
image_20240225141011,39,empty,added_80
image_20240225141011,40,empty,added_80
image_20240225141011,41,empty,added_80
image_20240225141011,42,empty,added_80
image_20240225141011,43,empty,added_80
image_20240225141011,44,empty,added_80
image_20240225141011,45,empty,added_80
image_20240225141011,46,empty,added_80
image_20240225141011,47,empty,added_80
image_20240225141011,48,empty,added_80
image_20240225141011,49,empty,added_80
image_20240225141011,50,empty,added_80
image_20240225141011,51,empty,added_80
image_20240225141011,52,empty,added_80
image_20240225141011,53,empty,added_80
image_20240225141011,54,empty,added_80
image_20240225141011,55,empty,added_80
image_20240225141011,56,empty,added_80
image_20240225141011,57,empty,added_80
image_20240225141011,58,empty,added_80
image_20240225141011,59,empty,added_80
image_20240225141011,60,empty,added_80
image_20240225141011,61,empty,added_80
image_20240225141011,62,empty,added_80
image_20240225141011,63,empty,added_80
image_20240225141011,64,empty,added_80
image_20240225141011,65,empty,added_80
image_20240225141011,66,empty,added_80
image_20240225141011,67,empty,added_80
image_20240225141011,68,empty,added_80
image_20240225141011,69,empty,added_80
image_20240225141011,70,empty,added_80
image_20240225141011,71,empty,added_80
image_20240225141011,72,occupied,added_80
image_20240225141011,73,empty,added_80
image_20240225141011,74,empty,added_80
image_20240225141011,75,occupied,added_80
image_20240225141011,76,occupied,added_80
image_20240225141011,77,occupied,added_80
image_20240225141011,78,empty,added_80
image_20240225141011,79,empty,added_80
image_20240225141011,80,empty,added_80
image_20240225141011,81,empty,added_80
image_20240225141011,82,empty,added_80
image_20231228140356,1,empty,added_80
image_20231228140356,2,empty,added_80
image_20231228140356,3,empty,added_80
image_20231228140356,4,empty,added_80
image_20231228140356,5,empty,added_80
image_20231228140356,6,empty,added_80
image_20231228140356,7,empty,added_80
image_20231228140356,8,empty,added_80
image_20231228140356,9,occupied,added_80
image_20231228140356,10,occupied,added_80
image_20231228140356,11,occupied,added_80
image_20231228140356,12,occupied,added_80
image_20231228140356,13,occupied,added_80
image_20231228140356,14,occupied,added_80
image_20231228140356,15,occupied,added_80
image_20231228140356,16,occupied,added_80
image_20231228140356,17,occupied,added_80
image_20231228140356,18,occupied,added_80
image_20231228140356,19,empty,added_80
image_20231228140356,20,occupied,added_80
image_20231228140356,21,occupied,added_80
image_20231228140356,22,empty,added_80
image_20231228140356,23,empty,added_80
image_20231228140356,24,empty,added_80
image_20231228140356,25,empty,added_80
image_20231228140356,26,empty,added_80
image_20231228140356,27,empty,added_80
image_20231228140356,28,empty,added_80
image_20231228140356,29,empty,added_80
image_20231228140356,30,occupied,added_80
image_20231228140356,31,occupied,added_80
image_20231228140356,32,occupied,added_80
image_20231228140356,33,occupied,added_80
image_20231228140356,34,occupied,added_80
image_20231228140356,35,occupied,added_80
image_20231228140356,36,occupied,added_80
image_20231228140356,37,occupied,added_80
image_20231228140356,38,occupied,added_80
image_20231228140356,39,occupied,added_80
image_20231228140356,40,empty,added_80
image_20231228140356,41,occupied,added_80
image_20231228140356,42,occupied,added_80
image_20231228140356,43,empty,added_80
image_20231228140356,44,empty,added_80
image_20231228140356,45,occupied,added_80
image_20231228140356,46,empty,added_80
image_20231228140356,47,empty,added_80
image_20231228140356,48,empty,added_80
image_20231228140356,49,occupied,added_80
image_20231228140356,50,empty,added_80
image_20231228140356,51,empty,added_80
image_20231228140356,52,empty,added_80
image_20231228140356,53,empty,added_80
image_20231228140356,54,empty,added_80
image_20231228140356,55,empty,added_80
image_20231228140356,56,empty,added_80
image_20231228140356,57,empty,added_80
image_20231228140356,58,empty,added_80
image_20231228140356,59,empty,added_80
image_20231228140356,60,empty,added_80
image_20231228140356,61,empty,added_80
image_20231228140356,62,occupied,added_80
image_20231228140356,63,occupied,added_80
image_20231228140356,64,occupied,added_80
image_20231228140356,65,empty,added_80
image_20231228140356,66,occupied,added_80
image_20231228140356,67,occupied,added_80
image_20231228140356,68,occupied,added_80
image_20231228140356,69,empty,added_80
image_20231228140356,70,occupied,added_80
image_20231228140356,71,occupied,added_80
image_20231228140356,72,occupied,added_80
image_20231228140356,73,occupied,added_80
image_20231228140356,74,occupied,added_80
image_20231228140356,75,empty,added_80
image_20231228140356,76,empty,added_80
image_20231228140356,77,occupied,added_80
image_20231228140356,78,occupied,added_80
image_20231228140356,79,occupied,added_80
image_20231228140356,80,empty,added_80
image_20231228140356,81,empty,added_80
image_20231228140356,82,empty,added_80
image_20240228153103,1,empty,added_80
image_20240228153103,2,empty,added_80
image_20240228153103,3,occupied,added_80
image_20240228153103,4,empty,added_80
image_20240228153103,5,empty,added_80
image_20240228153103,6,empty,added_80
image_20240228153103,7,occupied,added_80
image_20240228153103,8,occupied,added_80
image_20240228153103,9,occupied,added_80
image_20240228153103,10,empty,added_80
image_20240228153103,11,empty,added_80
image_20240228153103,12,empty,added_80
image_20240228153103,13,occupied,added_80
image_20240228153103,14,occupied,added_80
image_20240228153103,15,occupied,added_80
image_20240228153103,16,occupied,added_80
image_20240228153103,17,occupied,added_80
image_20240228153103,18,occupied,added_80
image_20240228153103,19,occupied,added_80
image_20240228153103,20,occupied,added_80
image_20240228153103,21,occupied,added_80
image_20240228153103,22,empty,added_80
image_20240228153103,23,occupied,added_80
image_20240228153103,24,empty,added_80
image_20240228153103,25,occupied,added_80
image_20240228153103,26,occupied,added_80
image_20240228153103,27,occupied,added_80
image_20240228153103,28,empty,added_80
image_20240228153103,29,empty,added_80
image_20240228153103,30,occupied,added_80
image_20240228153103,31,occupied,added_80
image_20240228153103,32,occupied,added_80
image_20240228153103,33,occupied,added_80
image_20240228153103,34,occupied,added_80
image_20240228153103,35,occupied,added_80
image_20240228153103,36,empty,added_80
image_20240228153103,37,occupied,added_80
image_20240228153103,38,occupied,added_80
image_20240228153103,39,empty,added_80
image_20240228153103,40,occupied,added_80
image_20240228153103,41,occupied,added_80
image_20240228153103,42,occupied,added_80
image_20240228153103,43,occupied,added_80
image_20240228153103,44,occupied,added_80
image_20240228153103,45,occupied,added_80
image_20240228153103,46,empty,added_80
image_20240228153103,47,occupied,added_80
image_20240228153103,48,empty,added_80
image_20240228153103,49,empty,added_80
image_20240228153103,50,empty,added_80
image_20240228153103,51,empty,added_80
image_20240228153103,52,empty,added_80
image_20240228153103,53,empty,added_80
image_20240228153103,54,empty,added_80
image_20240228153103,55,empty,added_80
image_20240228153103,56,empty,added_80
image_20240228153103,57,empty,added_80
image_20240228153103,58,empty,added_80
image_20240228153103,59,empty,added_80
image_20240228153103,60,empty,added_80
image_20240228153103,61,occupied,added_80
image_20240228153103,62,occupied,added_80
image_20240228153103,63,occupied,added_80
image_20240228153103,64,occupied,added_80
image_20240228153103,65,occupied,added_80
image_20240228153103,66,occupied,added_80
image_20240228153103,67,occupied,added_80
image_20240228153103,68,occupied,added_80
image_20240228153103,69,occupied,added_80
image_20240228153103,70,occupied,added_80
image_20240228153103,71,occupied,added_80
image_20240228153103,72,occupied,added_80
image_20240228153103,73,occupied,added_80
image_20240228153103,74,occupied,added_80
image_20240228153103,75,occupied,added_80
image_20240228153103,76,occupied,added_80
image_20240228153103,77,occupied,added_80
image_20240228153103,78,occupied,added_80
image_20240228153103,79,occupied,added_80
image_20240228153103,80,empty,added_80
image_20240228153103,81,empty,added_80
image_20240228153103,82,empty,added_80
image_20231230084932,1,empty,added_80
image_20231230084932,2,empty,added_80
image_20231230084932,3,empty,added_80
image_20231230084932,4,empty,added_80
image_20231230084932,5,empty,added_80
image_20231230084932,6,empty,added_80
image_20231230084932,7,empty,added_80
image_20231230084932,8,empty,added_80
image_20231230084932,9,empty,added_80
image_20231230084932,10,empty,added_80
image_20231230084932,11,empty,added_80
image_20231230084932,12,empty,added_80
image_20231230084932,13,empty,added_80
image_20231230084932,14,empty,added_80
image_20231230084932,15,empty,added_80
image_20231230084932,16,empty,added_80
image_20231230084932,17,empty,added_80
image_20231230084932,18,empty,added_80
image_20231230084932,19,empty,added_80
image_20231230084932,20,empty,added_80
image_20231230084932,21,empty,added_80
image_20231230084932,22,empty,added_80
image_20231230084932,23,empty,added_80
image_20231230084932,24,empty,added_80
image_20231230084932,25,empty,added_80
image_20231230084932,26,empty,added_80
image_20231230084932,27,empty,added_80
image_20231230084932,28,empty,added_80
image_20231230084932,29,empty,added_80
image_20231230084932,30,empty,added_80
image_20231230084932,31,empty,added_80
image_20231230084932,32,empty,added_80
image_20231230084932,33,empty,added_80
image_20231230084932,34,occupied,added_80
image_20231230084932,35,empty,added_80
image_20231230084932,36,empty,added_80
image_20231230084932,37,empty,added_80
image_20231230084932,38,empty,added_80
image_20231230084932,39,empty,added_80
image_20231230084932,40,empty,added_80
image_20231230084932,41,empty,added_80
image_20231230084932,42,empty,added_80
image_20231230084932,43,empty,added_80
image_20231230084932,44,empty,added_80
image_20231230084932,45,empty,added_80
image_20231230084932,46,empty,added_80
image_20231230084932,47,empty,added_80
image_20231230084932,48,empty,added_80
image_20231230084932,49,empty,added_80
image_20231230084932,50,empty,added_80
image_20231230084932,51,empty,added_80
image_20231230084932,52,empty,added_80
image_20231230084932,53,empty,added_80
image_20231230084932,54,empty,added_80
image_20231230084932,55,empty,added_80
image_20231230084932,56,empty,added_80
image_20231230084932,57,empty,added_80
image_20231230084932,58,empty,added_80
image_20231230084932,59,empty,added_80
image_20231230084932,60,empty,added_80
image_20231230084932,61,empty,added_80
image_20231230084932,62,empty,added_80
image_20231230084932,63,empty,added_80
image_20231230084932,64,empty,added_80
image_20231230084932,65,empty,added_80
image_20231230084932,66,empty,added_80
image_20231230084932,67,empty,added_80
image_20231230084932,68,empty,added_80
image_20231230084932,69,empty,added_80
image_20231230084932,70,empty,added_80
image_20231230084932,71,empty,added_80
image_20231230084932,72,empty,added_80
image_20231230084932,73,empty,added_80
image_20231230084932,74,empty,added_80
image_20231230084932,75,empty,added_80
image_20231230084932,76,occupied,added_80
image_20231230084932,77,empty,added_80
image_20231230084932,78,empty,added_80
image_20231230084932,79,empty,added_80
image_20231230084932,80,empty,added_80
image_20231230084932,81,empty,added_80
image_20231230084932,82,empty,added_80
image_20240211142057,1,empty,added_80
image_20240211142057,2,empty,added_80
image_20240211142057,3,empty,added_80
image_20240211142057,4,empty,added_80
image_20240211142057,5,empty,added_80
image_20240211142057,6,empty,added_80
image_20240211142057,7,empty,added_80
image_20240211142057,8,empty,added_80
image_20240211142057,9,empty,added_80
image_20240211142057,10,empty,added_80
image_20240211142057,11,empty,added_80
image_20240211142057,12,empty,added_80
image_20240211142057,13,empty,added_80
image_20240211142057,14,empty,added_80
image_20240211142057,15,empty,added_80
image_20240211142057,16,empty,added_80
image_20240211142057,17,empty,added_80
image_20240211142057,18,empty,added_80
image_20240211142057,19,empty,added_80
image_20240211142057,20,empty,added_80
image_20240211142057,21,empty,added_80
image_20240211142057,22,empty,added_80
image_20240211142057,23,empty,added_80
image_20240211142057,24,empty,added_80
image_20240211142057,25,empty,added_80
image_20240211142057,26,empty,added_80
image_20240211142057,27,empty,added_80
image_20240211142057,28,empty,added_80
image_20240211142057,29,empty,added_80
image_20240211142057,30,empty,added_80
image_20240211142057,31,empty,added_80
image_20240211142057,32,occupied,added_80
image_20240211142057,33,occupied,added_80
image_20240211142057,34,empty,added_80
image_20240211142057,35,occupied,added_80
image_20240211142057,36,empty,added_80
image_20240211142057,37,empty,added_80
image_20240211142057,38,empty,added_80
image_20240211142057,39,empty,added_80
image_20240211142057,40,empty,added_80
image_20240211142057,41,empty,added_80
image_20240211142057,42,empty,added_80
image_20240211142057,43,empty,added_80
image_20240211142057,44,empty,added_80
image_20240211142057,45,empty,added_80
image_20240211142057,46,empty,added_80
image_20240211142057,47,empty,added_80
image_20240211142057,48,empty,added_80
image_20240211142057,49,empty,added_80
image_20240211142057,50,empty,added_80
image_20240211142057,51,empty,added_80
image_20240211142057,52,empty,added_80
image_20240211142057,53,empty,added_80
image_20240211142057,54,empty,added_80
image_20240211142057,55,empty,added_80
image_20240211142057,56,empty,added_80
image_20240211142057,57,empty,added_80
image_20240211142057,58,empty,added_80
image_20240211142057,59,empty,added_80
image_20240211142057,60,empty,added_80
image_20240211142057,61,empty,added_80
image_20240211142057,62,empty,added_80
image_20240211142057,63,empty,added_80
image_20240211142057,64,empty,added_80
image_20240211142057,65,empty,added_80
image_20240211142057,66,empty,added_80
image_20240211142057,67,empty,added_80
image_20240211142057,68,empty,added_80
image_20240211142057,69,empty,added_80
image_20240211142057,70,empty,added_80
image_20240211142057,71,empty,added_80
image_20240211142057,72,empty,added_80
image_20240211142057,73,occupied,added_80
image_20240211142057,74,empty,added_80
image_20240211142057,75,occupied,added_80
image_20240211142057,76,occupied,added_80
image_20240211142057,77,empty,added_80
image_20240211142057,78,empty,added_80
image_20240211142057,79,empty,added_80
image_20240211142057,80,empty,added_80
image_20240211142057,81,empty,added_80
image_20240211142057,82,empty,added_80
image_20231212104609,1,empty,added_80
image_20231212104609,2,occupied,added_80
image_20231212104609,3,empty,added_80
image_20231212104609,4,empty,added_80
image_20231212104609,5,empty,added_80
image_20231212104609,6,empty,added_80
image_20231212104609,7,occupied,added_80
image_20231212104609,8,occupied,added_80
image_20231212104609,9,occupied,added_80
image_20231212104609,10,occupied,added_80
image_20231212104609,11,occupied,added_80
image_20231212104609,12,occupied,added_80
image_20231212104609,13,occupied,added_80
image_20231212104609,14,occupied,added_80
image_20231212104609,15,occupied,added_80
image_20231212104609,16,occupied,added_80
image_20231212104609,17,occupied,added_80
image_20231212104609,18,occupied,added_80
image_20231212104609,19,occupied,added_80
image_20231212104609,20,empty,added_80
image_20231212104609,21,occupied,added_80
image_20231212104609,22,occupied,added_80
image_20231212104609,23,occupied,added_80
image_20231212104609,24,occupied,added_80
image_20231212104609,25,occupied,added_80
image_20231212104609,26,empty,added_80
image_20231212104609,27,empty,added_80
image_20231212104609,28,empty,added_80
image_20231212104609,29,empty,added_80
image_20231212104609,30,occupied,added_80
image_20231212104609,31,occupied,added_80
image_20231212104609,32,occupied,added_80
image_20231212104609,33,occupied,added_80
image_20231212104609,34,occupied,added_80
image_20231212104609,35,occupied,added_80
image_20231212104609,36,occupied,added_80
image_20231212104609,37,occupied,added_80
image_20231212104609,38,occupied,added_80
image_20231212104609,39,occupied,added_80
image_20231212104609,40,occupied,added_80
image_20231212104609,41,occupied,added_80
image_20231212104609,42,occupied,added_80
image_20231212104609,43,occupied,added_80
image_20231212104609,44,occupied,added_80
image_20231212104609,45,empty,added_80
image_20231212104609,46,empty,added_80
image_20231212104609,47,empty,added_80
image_20231212104609,48,empty,added_80
image_20231212104609,49,empty,added_80
image_20231212104609,50,empty,added_80
image_20231212104609,51,empty,added_80
image_20231212104609,52,empty,added_80
image_20231212104609,53,empty,added_80
image_20231212104609,54,empty,added_80
image_20231212104609,55,empty,added_80
image_20231212104609,56,empty,added_80
image_20231212104609,57,empty,added_80
image_20231212104609,58,empty,added_80
image_20231212104609,59,empty,added_80
image_20231212104609,60,empty,added_80
image_20231212104609,61,occupied,added_80
image_20231212104609,62,occupied,added_80
image_20231212104609,63,empty,added_80
image_20231212104609,64,occupied,added_80
image_20231212104609,65,occupied,added_80
image_20231212104609,66,occupied,added_80
image_20231212104609,67,occupied,added_80
image_20231212104609,68,occupied,added_80
image_20231212104609,69,occupied,added_80
image_20231212104609,70,occupied,added_80
image_20231212104609,71,occupied,added_80
image_20231212104609,72,occupied,added_80
image_20231212104609,73,occupied,added_80
image_20231212104609,74,occupied,added_80
image_20231212104609,75,occupied,added_80
image_20231212104609,76,occupied,added_80
image_20231212104609,77,occupied,added_80
image_20231212104609,78,occupied,added_80
image_20231212104609,79,occupied,added_80
image_20231212104609,80,empty,added_80
image_20231212104609,81,empty,added_80
image_20231212104609,82,occupied,added_80
image_20240225102858,1,empty,added_80
image_20240225102858,2,empty,added_80
image_20240225102858,3,occupied,added_80
image_20240225102858,4,empty,added_80
image_20240225102858,5,empty,added_80
image_20240225102858,6,empty,added_80
image_20240225102858,7,empty,added_80
image_20240225102858,8,empty,added_80
image_20240225102858,9,empty,added_80
image_20240225102858,10,empty,added_80
image_20240225102858,11,empty,added_80
image_20240225102858,12,empty,added_80
image_20240225102858,13,empty,added_80
image_20240225102858,14,occupied,added_80
image_20240225102858,15,empty,added_80
image_20240225102858,16,empty,added_80
image_20240225102858,17,occupied,added_80
image_20240225102858,18,occupied,added_80
image_20240225102858,19,empty,added_80
image_20240225102858,20,empty,added_80
image_20240225102858,21,empty,added_80
image_20240225102858,22,empty,added_80
image_20240225102858,23,empty,added_80
image_20240225102858,24,empty,added_80
image_20240225102858,25,empty,added_80
image_20240225102858,26,empty,added_80
image_20240225102858,27,empty,added_80
image_20240225102858,28,empty,added_80
image_20240225102858,29,empty,added_80
image_20240225102858,30,occupied,added_80
image_20240225102858,31,occupied,added_80
image_20240225102858,32,empty,added_80
image_20240225102858,33,empty,added_80
image_20240225102858,34,empty,added_80
image_20240225102858,35,occupied,added_80
image_20240225102858,36,empty,added_80
image_20240225102858,37,empty,added_80
image_20240225102858,38,empty,added_80
image_20240225102858,39,empty,added_80
image_20240225102858,40,empty,added_80
image_20240225102858,41,empty,added_80
image_20240225102858,42,empty,added_80
image_20240225102858,43,empty,added_80
image_20240225102858,44,empty,added_80
image_20240225102858,45,empty,added_80
image_20240225102858,46,empty,added_80
image_20240225102858,47,empty,added_80
image_20240225102858,48,empty,added_80
image_20240225102858,49,empty,added_80
image_20240225102858,50,empty,added_80
image_20240225102858,51,empty,added_80
image_20240225102858,52,empty,added_80
image_20240225102858,53,empty,added_80
image_20240225102858,54,empty,added_80
image_20240225102858,55,empty,added_80
image_20240225102858,56,empty,added_80
image_20240225102858,57,empty,added_80
image_20240225102858,58,empty,added_80
image_20240225102858,59,empty,added_80
image_20240225102858,60,empty,added_80
image_20240225102858,61,empty,added_80
image_20240225102858,62,empty,added_80
image_20240225102858,63,empty,added_80
image_20240225102858,64,empty,added_80
image_20240225102858,65,empty,added_80
image_20240225102858,66,empty,added_80
image_20240225102858,67,empty,added_80
image_20240225102858,68,empty,added_80
image_20240225102858,69,empty,added_80
image_20240225102858,70,empty,added_80
image_20240225102858,71,empty,added_80
image_20240225102858,72,occupied,added_80
image_20240225102858,73,occupied,added_80
image_20240225102858,74,occupied,added_80
image_20240225102858,75,occupied,added_80
image_20240225102858,76,occupied,added_80
image_20240225102858,77,occupied,added_80
image_20240225102858,78,empty,added_80
image_20240225102858,79,empty,added_80
image_20240225102858,80,empty,added_80
image_20240225102858,81,empty,added_80
image_20240225102858,82,empty,added_80
image_20240225074804,1,empty,added_80
image_20240225074804,2,empty,added_80
image_20240225074804,3,occupied,added_80
image_20240225074804,4,empty,added_80
image_20240225074804,5,empty,added_80
image_20240225074804,6,empty,added_80
image_20240225074804,7,empty,added_80
image_20240225074804,8,empty,added_80
image_20240225074804,9,empty,added_80
image_20240225074804,10,empty,added_80
image_20240225074804,11,empty,added_80
image_20240225074804,12,empty,added_80
image_20240225074804,13,occupied,added_80
image_20240225074804,14,occupied,added_80
image_20240225074804,15,empty,added_80
image_20240225074804,16,empty,added_80
image_20240225074804,17,occupied,added_80
image_20240225074804,18,occupied,added_80
image_20240225074804,19,occupied,added_80
image_20240225074804,20,empty,added_80
image_20240225074804,21,empty,added_80
image_20240225074804,22,empty,added_80
image_20240225074804,23,empty,added_80
image_20240225074804,24,empty,added_80
image_20240225074804,25,empty,added_80
image_20240225074804,26,empty,added_80
image_20240225074804,27,empty,added_80
image_20240225074804,28,empty,added_80
image_20240225074804,29,empty,added_80
image_20240225074804,30,empty,added_80
image_20240225074804,31,occupied,added_80
image_20240225074804,32,empty,added_80
image_20240225074804,33,empty,added_80
image_20240225074804,34,empty,added_80
image_20240225074804,35,occupied,added_80
image_20240225074804,36,empty,added_80
image_20240225074804,37,empty,added_80
image_20240225074804,38,empty,added_80
image_20240225074804,39,empty,added_80
image_20240225074804,40,empty,added_80
image_20240225074804,41,empty,added_80
image_20240225074804,42,empty,added_80
image_20240225074804,43,empty,added_80
image_20240225074804,44,empty,added_80
image_20240225074804,45,empty,added_80
image_20240225074804,46,empty,added_80
image_20240225074804,47,empty,added_80
image_20240225074804,48,empty,added_80
image_20240225074804,49,empty,added_80
image_20240225074804,50,empty,added_80
image_20240225074804,51,empty,added_80
image_20240225074804,52,empty,added_80
image_20240225074804,53,empty,added_80
image_20240225074804,54,empty,added_80
image_20240225074804,55,empty,added_80
image_20240225074804,56,empty,added_80
image_20240225074804,57,empty,added_80
image_20240225074804,58,empty,added_80
image_20240225074804,59,empty,added_80
image_20240225074804,60,empty,added_80
image_20240225074804,61,empty,added_80
image_20240225074804,62,empty,added_80
image_20240225074804,63,empty,added_80
image_20240225074804,64,empty,added_80
image_20240225074804,65,empty,added_80
image_20240225074804,66,empty,added_80
image_20240225074804,67,empty,added_80
image_20240225074804,68,empty,added_80
image_20240225074804,69,empty,added_80
image_20240225074804,70,empty,added_80
image_20240225074804,71,empty,added_80
image_20240225074804,72,occupied,added_80
image_20240225074804,73,occupied,added_80
image_20240225074804,74,occupied,added_80
image_20240225074804,75,occupied,added_80
image_20240225074804,76,occupied,added_80
image_20240225074804,77,occupied,added_80
image_20240225074804,78,empty,added_80
image_20240225074804,79,empty,added_80
image_20240225074804,80,empty,added_80
image_20240225074804,81,empty,added_80
image_20240225074804,82,empty,added_80
image_20240210121647,1,empty,added_80
image_20240210121647,2,empty,added_80
image_20240210121647,3,empty,added_80
image_20240210121647,4,empty,added_80
image_20240210121647,5,empty,added_80
image_20240210121647,6,empty,added_80
image_20240210121647,7,empty,added_80
image_20240210121647,8,empty,added_80
image_20240210121647,9,empty,added_80
image_20240210121647,10,empty,added_80
image_20240210121647,11,empty,added_80
image_20240210121647,12,empty,added_80
image_20240210121647,13,empty,added_80
image_20240210121647,14,empty,added_80
image_20240210121647,15,empty,added_80
image_20240210121647,16,empty,added_80
image_20240210121647,17,empty,added_80
image_20240210121647,18,empty,added_80
image_20240210121647,19,empty,added_80
image_20240210121647,20,empty,added_80
image_20240210121647,21,empty,added_80
image_20240210121647,22,empty,added_80
image_20240210121647,23,empty,added_80
image_20240210121647,24,empty,added_80
image_20240210121647,25,empty,added_80
image_20240210121647,26,empty,added_80
image_20240210121647,27,empty,added_80
image_20240210121647,28,empty,added_80
image_20240210121647,29,empty,added_80
image_20240210121647,30,empty,added_80
image_20240210121647,31,empty,added_80
image_20240210121647,32,empty,added_80
image_20240210121647,33,empty,added_80
image_20240210121647,34,empty,added_80
image_20240210121647,35,empty,added_80
image_20240210121647,36,empty,added_80
image_20240210121647,37,empty,added_80
image_20240210121647,38,empty,added_80
image_20240210121647,39,empty,added_80
image_20240210121647,40,empty,added_80
image_20240210121647,41,empty,added_80
image_20240210121647,42,empty,added_80
image_20240210121647,43,empty,added_80
image_20240210121647,44,empty,added_80
image_20240210121647,45,empty,added_80
image_20240210121647,46,empty,added_80
image_20240210121647,47,empty,added_80
image_20240210121647,48,empty,added_80
image_20240210121647,49,empty,added_80
image_20240210121647,50,empty,added_80
image_20240210121647,51,empty,added_80
image_20240210121647,52,empty,added_80
image_20240210121647,53,empty,added_80
image_20240210121647,54,empty,added_80
image_20240210121647,55,empty,added_80
image_20240210121647,56,empty,added_80
image_20240210121647,57,empty,added_80
image_20240210121647,58,empty,added_80
image_20240210121647,59,empty,added_80
image_20240210121647,60,empty,added_80
image_20240210121647,61,empty,added_80
image_20240210121647,62,empty,added_80
image_20240210121647,63,empty,added_80
image_20240210121647,64,empty,added_80
image_20240210121647,65,empty,added_80
image_20240210121647,66,empty,added_80
image_20240210121647,67,empty,added_80
image_20240210121647,68,empty,added_80
image_20240210121647,69,empty,added_80
image_20240210121647,70,empty,added_80
image_20240210121647,71,empty,added_80
image_20240210121647,72,empty,added_80
image_20240210121647,73,occupied,added_80
image_20240210121647,74,occupied,added_80
image_20240210121647,75,occupied,added_80
image_20240210121647,76,empty,added_80
image_20240210121647,77,occupied,added_80
image_20240210121647,78,occupied,added_80
image_20240210121647,79,occupied,added_80
image_20240210121647,80,empty,added_80
image_20240210121647,81,empty,added_80
image_20240210121647,82,empty,added_80
image_20240123132406,1,empty,added_80
image_20240123132406,2,empty,added_80
image_20240123132406,3,empty,added_80
image_20240123132406,4,occupied,added_80
image_20240123132406,5,occupied,added_80
image_20240123132406,6,occupied,added_80
image_20240123132406,7,occupied,added_80
image_20240123132406,8,occupied,added_80
image_20240123132406,9,occupied,added_80
image_20240123132406,10,occupied,added_80
image_20240123132406,11,occupied,added_80
image_20240123132406,12,occupied,added_80
image_20240123132406,13,occupied,added_80
image_20240123132406,14,occupied,added_80
image_20240123132406,15,occupied,added_80
image_20240123132406,16,occupied,added_80
image_20240123132406,17,occupied,added_80
image_20240123132406,18,occupied,added_80
image_20240123132406,19,occupied,added_80
image_20240123132406,20,occupied,added_80
image_20240123132406,21,occupied,added_80
image_20240123132406,22,occupied,added_80
image_20240123132406,23,occupied,added_80
image_20240123132406,24,occupied,added_80
image_20240123132406,25,occupied,added_80
image_20240123132406,26,occupied,added_80
image_20240123132406,27,occupied,added_80
image_20240123132406,28,occupied,added_80
image_20240123132406,29,empty,added_80
image_20240123132406,30,occupied,added_80
image_20240123132406,31,occupied,added_80
image_20240123132406,32,occupied,added_80
image_20240123132406,33,occupied,added_80
image_20240123132406,34,occupied,added_80
image_20240123132406,35,occupied,added_80
image_20240123132406,36,occupied,added_80
image_20240123132406,37,occupied,added_80
image_20240123132406,38,occupied,added_80
image_20240123132406,39,occupied,added_80
image_20240123132406,40,occupied,added_80
image_20240123132406,41,occupied,added_80
image_20240123132406,42,occupied,added_80
image_20240123132406,43,occupied,added_80
image_20240123132406,44,occupied,added_80
image_20240123132406,45,occupied,added_80
image_20240123132406,46,empty,added_80
image_20240123132406,47,occupied,added_80
image_20240123132406,48,occupied,added_80
image_20240123132406,49,occupied,added_80
image_20240123132406,50,empty,added_80
image_20240123132406,51,occupied,added_80
image_20240123132406,52,empty,added_80
image_20240123132406,53,empty,added_80
image_20240123132406,54,empty,added_80
image_20240123132406,55,empty,added_80
image_20240123132406,56,empty,added_80
image_20240123132406,57,empty,added_80
image_20240123132406,58,occupied,added_80
image_20240123132406,59,occupied,added_80
image_20240123132406,60,occupied,added_80
image_20240123132406,61,occupied,added_80
image_20240123132406,62,occupied,added_80
image_20240123132406,63,occupied,added_80
image_20240123132406,64,occupied,added_80
image_20240123132406,65,occupied,added_80
image_20240123132406,66,occupied,added_80
image_20240123132406,67,occupied,added_80
image_20240123132406,68,occupied,added_80
image_20240123132406,69,occupied,added_80
image_20240123132406,70,occupied,added_80
image_20240123132406,71,occupied,added_80
image_20240123132406,72,occupied,added_80
image_20240123132406,73,occupied,added_80
image_20240123132406,74,occupied,added_80
image_20240123132406,75,occupied,added_80
image_20240123132406,76,occupied,added_80
image_20240123132406,77,occupied,added_80
image_20240123132406,78,occupied,added_80
image_20240123132406,79,occupied,added_80
image_20240123132406,80,empty,added_80
image_20240123132406,81,empty,added_80
image_20240123132406,82,empty,added_80
image_20240228071820,1,empty,added_80
image_20240228071820,2,empty,added_80
image_20240228071820,3,empty,added_80
image_20240228071820,4,empty,added_80
image_20240228071820,5,empty,added_80
image_20240228071820,6,empty,added_80
image_20240228071820,7,empty,added_80
image_20240228071820,8,empty,added_80
image_20240228071820,9,empty,added_80
image_20240228071820,10,empty,added_80
image_20240228071820,11,empty,added_80
image_20240228071820,12,empty,added_80
image_20240228071820,13,empty,added_80
image_20240228071820,14,empty,added_80
image_20240228071820,15,empty,added_80
image_20240228071820,16,empty,added_80
image_20240228071820,17,empty,added_80
image_20240228071820,18,empty,added_80
image_20240228071820,19,empty,added_80
image_20240228071820,20,empty,added_80
image_20240228071820,21,empty,added_80
image_20240228071820,22,empty,added_80
image_20240228071820,23,empty,added_80
image_20240228071820,24,empty,added_80
image_20240228071820,25,empty,added_80
image_20240228071820,26,empty,added_80
image_20240228071820,27,empty,added_80
image_20240228071820,28,empty,added_80
image_20240228071820,29,empty,added_80
image_20240228071820,30,empty,added_80
image_20240228071820,31,empty,added_80
image_20240228071820,32,empty,added_80
image_20240228071820,33,empty,added_80
image_20240228071820,34,empty,added_80
image_20240228071820,35,empty,added_80
image_20240228071820,36,empty,added_80
image_20240228071820,37,empty,added_80
image_20240228071820,38,empty,added_80
image_20240228071820,39,empty,added_80
image_20240228071820,40,empty,added_80
image_20240228071820,41,empty,added_80
image_20240228071820,42,empty,added_80
image_20240228071820,43,empty,added_80
image_20240228071820,44,empty,added_80
image_20240228071820,45,empty,added_80
image_20240228071820,46,empty,added_80
image_20240228071820,47,empty,added_80
image_20240228071820,48,empty,added_80
image_20240228071820,49,empty,added_80
image_20240228071820,50,empty,added_80
image_20240228071820,51,empty,added_80
image_20240228071820,52,empty,added_80
image_20240228071820,53,empty,added_80
image_20240228071820,54,empty,added_80
image_20240228071820,55,empty,added_80
image_20240228071820,56,empty,added_80
image_20240228071820,57,empty,added_80
image_20240228071820,58,empty,added_80
image_20240228071820,59,empty,added_80
image_20240228071820,60,empty,added_80
image_20240228071820,61,empty,added_80
image_20240228071820,62,empty,added_80
image_20240228071820,63,occupied,added_80
image_20240228071820,64,empty,added_80
image_20240228071820,65,empty,added_80
image_20240228071820,66,empty,added_80
image_20240228071820,67,occupied,added_80
image_20240228071820,68,empty,added_80
image_20240228071820,69,empty,added_80
image_20240228071820,70,empty,added_80
image_20240228071820,71,empty,added_80
image_20240228071820,72,empty,added_80
image_20240228071820,73,empty,added_80
image_20240228071820,74,empty,added_80
image_20240228071820,75,occupied,added_80
image_20240228071820,76,occupied,added_80
image_20240228071820,77,occupied,added_80
image_20240228071820,78,occupied,added_80
image_20240228071820,79,empty,added_80
image_20240228071820,80,empty,added_80
image_20240228071820,81,empty,added_80
image_20240228071820,82,empty,added_80
image_20231212081517,1,empty,added_80
image_20231212081517,2,empty,added_80
image_20231212081517,3,empty,added_80
image_20231212081517,4,empty,added_80
image_20231212081517,5,empty,added_80
image_20231212081517,6,empty,added_80
image_20231212081517,7,empty,added_80
image_20231212081517,8,empty,added_80
image_20231212081517,9,empty,added_80
image_20231212081517,10,empty,added_80
image_20231212081517,11,empty,added_80
image_20231212081517,12,occupied,added_80
image_20231212081517,13,occupied,added_80
image_20231212081517,14,occupied,added_80
image_20231212081517,15,occupied,added_80
image_20231212081517,16,occupied,added_80
image_20231212081517,17,occupied,added_80
image_20231212081517,18,empty,added_80
image_20231212081517,19,empty,added_80
image_20231212081517,20,empty,added_80
image_20231212081517,21,empty,added_80
image_20231212081517,22,empty,added_80
image_20231212081517,23,empty,added_80
image_20231212081517,24,empty,added_80
image_20231212081517,25,empty,added_80
image_20231212081517,26,empty,added_80
image_20231212081517,27,empty,added_80
image_20231212081517,28,empty,added_80
image_20231212081517,29,empty,added_80
image_20231212081517,30,occupied,added_80
image_20231212081517,31,empty,added_80
image_20231212081517,32,empty,added_80
image_20231212081517,33,empty,added_80
image_20231212081517,34,empty,added_80
image_20231212081517,35,empty,added_80
image_20231212081517,36,empty,added_80
image_20231212081517,37,empty,added_80
image_20231212081517,38,empty,added_80
image_20231212081517,39,empty,added_80
image_20231212081517,40,empty,added_80
image_20231212081517,41,empty,added_80
image_20231212081517,42,empty,added_80
image_20231212081517,43,empty,added_80
image_20231212081517,44,empty,added_80
image_20231212081517,45,empty,added_80
image_20231212081517,46,empty,added_80
image_20231212081517,47,empty,added_80
image_20231212081517,48,empty,added_80
image_20231212081517,49,empty,added_80
image_20231212081517,50,empty,added_80
image_20231212081517,51,empty,added_80
image_20231212081517,52,empty,added_80
image_20231212081517,53,occupied,added_80
image_20231212081517,54,empty,added_80
image_20231212081517,55,empty,added_80
image_20231212081517,56,empty,added_80
image_20231212081517,57,empty,added_80
image_20231212081517,58,empty,added_80
image_20231212081517,59,empty,added_80
image_20231212081517,60,empty,added_80
image_20231212081517,61,empty,added_80
image_20231212081517,62,empty,added_80
image_20231212081517,63,empty,added_80
image_20231212081517,64,empty,added_80
image_20231212081517,65,empty,added_80
image_20231212081517,66,empty,added_80
image_20231212081517,67,empty,added_80
image_20231212081517,68,empty,added_80
image_20231212081517,69,empty,added_80
image_20231212081517,70,empty,added_80
image_20231212081517,71,empty,added_80
image_20231212081517,72,empty,added_80
image_20231212081517,73,empty,added_80
image_20231212081517,74,empty,added_80
image_20231212081517,75,empty,added_80
image_20231212081517,76,empty,added_80
image_20231212081517,77,empty,added_80
image_20231212081517,78,occupied,added_80
image_20231212081517,79,occupied,added_80
image_20231212081517,80,empty,added_80
image_20231212081517,81,empty,added_80
image_20231212081517,82,empty,added_80
image_20240130121822,1,empty,added_80
image_20240130121822,2,empty,added_80
image_20240130121822,3,occupied,added_80
image_20240130121822,4,occupied,added_80
image_20240130121822,5,occupied,added_80
image_20240130121822,6,occupied,added_80
image_20240130121822,7,empty,added_80
image_20240130121822,8,occupied,added_80
image_20240130121822,9,occupied,added_80
image_20240130121822,10,occupied,added_80
image_20240130121822,11,occupied,added_80
image_20240130121822,12,occupied,added_80
image_20240130121822,13,occupied,added_80
image_20240130121822,14,occupied,added_80
image_20240130121822,15,occupied,added_80
image_20240130121822,16,occupied,added_80
image_20240130121822,17,occupied,added_80
image_20240130121822,18,occupied,added_80
image_20240130121822,19,occupied,added_80
image_20240130121822,20,occupied,added_80
image_20240130121822,21,occupied,added_80
image_20240130121822,22,occupied,added_80
image_20240130121822,23,occupied,added_80
image_20240130121822,24,occupied,added_80
image_20240130121822,25,empty,added_80
image_20240130121822,26,occupied,added_80
image_20240130121822,27,occupied,added_80
image_20240130121822,28,occupied,added_80
image_20240130121822,29,empty,added_80
image_20240130121822,30,occupied,added_80
image_20240130121822,31,occupied,added_80
image_20240130121822,32,occupied,added_80
image_20240130121822,33,occupied,added_80
image_20240130121822,34,occupied,added_80
image_20240130121822,35,occupied,added_80
image_20240130121822,36,occupied,added_80
image_20240130121822,37,occupied,added_80
image_20240130121822,38,occupied,added_80
image_20240130121822,39,occupied,added_80
image_20240130121822,40,occupied,added_80
image_20240130121822,41,occupied,added_80
image_20240130121822,42,occupied,added_80
image_20240130121822,43,occupied,added_80
image_20240130121822,44,occupied,added_80
image_20240130121822,45,occupied,added_80
image_20240130121822,46,empty,added_80
image_20240130121822,47,occupied,added_80
image_20240130121822,48,occupied,added_80
image_20240130121822,49,empty,added_80
image_20240130121822,50,empty,added_80
image_20240130121822,51,empty,added_80
image_20240130121822,52,empty,added_80
image_20240130121822,53,empty,added_80
image_20240130121822,54,empty,added_80
image_20240130121822,55,empty,added_80
image_20240130121822,56,empty,added_80
image_20240130121822,57,empty,added_80
image_20240130121822,58,empty,added_80
image_20240130121822,59,occupied,added_80
image_20240130121822,60,occupied,added_80
image_20240130121822,61,occupied,added_80
image_20240130121822,62,occupied,added_80
image_20240130121822,63,occupied,added_80
image_20240130121822,64,empty,added_80
image_20240130121822,65,occupied,added_80
image_20240130121822,66,occupied,added_80
image_20240130121822,67,occupied,added_80
image_20240130121822,68,occupied,added_80
image_20240130121822,69,occupied,added_80
image_20240130121822,70,occupied,added_80
image_20240130121822,71,occupied,added_80
image_20240130121822,72,occupied,added_80
image_20240130121822,73,occupied,added_80
image_20240130121822,74,occupied,added_80
image_20240130121822,75,occupied,added_80
image_20240130121822,76,occupied,added_80
image_20240130121822,77,occupied,added_80
image_20240130121822,78,occupied,added_80
image_20240130121822,79,occupied,added_80
image_20240130121822,80,empty,added_80
image_20240130121822,81,empty,added_80
image_20240130121822,82,empty,added_80
image_20231228100236,1,empty,added_80
image_20231228100236,2,empty,added_80
image_20231228100236,3,empty,added_80
image_20231228100236,4,empty,added_80
image_20231228100236,5,empty,added_80
image_20231228100236,6,empty,added_80
image_20231228100236,7,empty,added_80
image_20231228100236,8,empty,added_80
image_20231228100236,9,empty,added_80
image_20231228100236,10,empty,added_80
image_20231228100236,11,empty,added_80
image_20231228100236,12,occupied,added_80
image_20231228100236,13,occupied,added_80
image_20231228100236,14,occupied,added_80
image_20231228100236,15,occupied,added_80
image_20231228100236,16,occupied,added_80
image_20231228100236,17,occupied,added_80
image_20231228100236,18,occupied,added_80
image_20231228100236,19,empty,added_80
image_20231228100236,20,occupied,added_80
image_20231228100236,21,occupied,added_80
image_20231228100236,22,empty,added_80
image_20231228100236,23,empty,added_80
image_20231228100236,24,empty,added_80
image_20231228100236,25,empty,added_80
image_20231228100236,26,empty,added_80
image_20231228100236,27,empty,added_80
image_20231228100236,28,empty,added_80
image_20231228100236,29,empty,added_80
image_20231228100236,30,occupied,added_80
image_20231228100236,31,occupied,added_80
image_20231228100236,32,occupied,added_80
image_20231228100236,33,occupied,added_80
image_20231228100236,34,occupied,added_80
image_20231228100236,35,occupied,added_80
image_20231228100236,36,empty,added_80
image_20231228100236,37,occupied,added_80
image_20231228100236,38,occupied,added_80
image_20231228100236,39,occupied,added_80
image_20231228100236,40,empty,added_80
image_20231228100236,41,empty,added_80
image_20231228100236,42,empty,added_80
image_20231228100236,43,empty,added_80
image_20231228100236,44,empty,added_80
image_20231228100236,45,empty,added_80
image_20231228100236,46,empty,added_80
image_20231228100236,47,empty,added_80
image_20231228100236,48,empty,added_80
image_20231228100236,49,occupied,added_80
image_20231228100236,50,occupied,added_80
image_20231228100236,51,empty,added_80
image_20231228100236,52,empty,added_80
image_20231228100236,53,empty,added_80
image_20231228100236,54,empty,added_80
image_20231228100236,55,empty,added_80
image_20231228100236,56,empty,added_80
image_20231228100236,57,empty,added_80
image_20231228100236,58,occupied,added_80
image_20231228100236,59,empty,added_80
image_20231228100236,60,empty,added_80
image_20231228100236,61,empty,added_80
image_20231228100236,62,empty,added_80
image_20231228100236,63,empty,added_80
image_20231228100236,64,occupied,added_80
image_20231228100236,65,empty,added_80
image_20231228100236,66,empty,added_80
image_20231228100236,67,empty,added_80
image_20231228100236,68,occupied,added_80
image_20231228100236,69,empty,added_80
image_20231228100236,70,occupied,added_80
image_20231228100236,71,occupied,added_80
image_20231228100236,72,occupied,added_80
image_20231228100236,73,occupied,added_80
image_20231228100236,74,occupied,added_80
image_20231228100236,75,empty,added_80
image_20231228100236,76,occupied,added_80
image_20231228100236,77,occupied,added_80
image_20231228100236,78,occupied,added_80
image_20231228100236,79,occupied,added_80
image_20231228100236,80,empty,added_80
image_20231228100236,81,empty,added_80
image_20231228100236,82,empty,added_80
image_20240211075850,1,empty,added_80
image_20240211075850,2,empty,added_80
image_20240211075850,3,empty,added_80
image_20240211075850,4,empty,added_80
image_20240211075850,5,empty,added_80
image_20240211075850,6,empty,added_80
image_20240211075850,7,empty,added_80
image_20240211075850,8,empty,added_80
image_20240211075850,9,empty,added_80
image_20240211075850,10,empty,added_80
image_20240211075850,11,empty,added_80
image_20240211075850,12,empty,added_80
image_20240211075850,13,empty,added_80
image_20240211075850,14,empty,added_80
image_20240211075850,15,empty,added_80
image_20240211075850,16,empty,added_80
image_20240211075850,17,empty,added_80
image_20240211075850,18,empty,added_80
image_20240211075850,19,empty,added_80
image_20240211075850,20,empty,added_80
image_20240211075850,21,empty,added_80
image_20240211075850,22,empty,added_80
image_20240211075850,23,empty,added_80
image_20240211075850,24,empty,added_80
image_20240211075850,25,empty,added_80
image_20240211075850,26,empty,added_80
image_20240211075850,27,empty,added_80
image_20240211075850,28,empty,added_80
image_20240211075850,29,empty,added_80
image_20240211075850,30,empty,added_80
image_20240211075850,31,empty,added_80
image_20240211075850,32,empty,added_80
image_20240211075850,33,empty,added_80
image_20240211075850,34,empty,added_80
image_20240211075850,35,empty,added_80
image_20240211075850,36,empty,added_80
image_20240211075850,37,empty,added_80
image_20240211075850,38,empty,added_80
image_20240211075850,39,empty,added_80
image_20240211075850,40,empty,added_80
image_20240211075850,41,empty,added_80
image_20240211075850,42,empty,added_80
image_20240211075850,43,empty,added_80
image_20240211075850,44,empty,added_80
image_20240211075850,45,empty,added_80
image_20240211075850,46,empty,added_80
image_20240211075850,47,empty,added_80
image_20240211075850,48,empty,added_80
image_20240211075850,49,empty,added_80
image_20240211075850,50,empty,added_80
image_20240211075850,51,empty,added_80
image_20240211075850,52,empty,added_80
image_20240211075850,53,empty,added_80
image_20240211075850,54,empty,added_80
image_20240211075850,55,empty,added_80
image_20240211075850,56,empty,added_80
image_20240211075850,57,empty,added_80
image_20240211075850,58,empty,added_80
image_20240211075850,59,empty,added_80
image_20240211075850,60,empty,added_80
image_20240211075850,61,empty,added_80
image_20240211075850,62,empty,added_80
image_20240211075850,63,empty,added_80
image_20240211075850,64,empty,added_80
image_20240211075850,65,empty,added_80
image_20240211075850,66,empty,added_80
image_20240211075850,67,empty,added_80
image_20240211075850,68,empty,added_80
image_20240211075850,69,empty,added_80
image_20240211075850,70,empty,added_80
image_20240211075850,71,empty,added_80
image_20240211075850,72,empty,added_80
image_20240211075850,73,empty,added_80
image_20240211075850,74,occupied,added_80
image_20240211075850,75,occupied,added_80
image_20240211075850,76,occupied,added_80
image_20240211075850,77,occupied,added_80
image_20240211075850,78,empty,added_80
image_20240211075850,79,empty,added_80
image_20240211075850,80,empty,added_80
image_20240211075850,81,empty,added_80
image_20240211075850,82,empty,added_80
image_20240130162945,1,empty,added_80
image_20240130162945,2,occupied,added_80
image_20240130162945,3,empty,added_80
image_20240130162945,4,occupied,added_80
image_20240130162945,5,occupied,added_80
image_20240130162945,6,empty,added_80
image_20240130162945,7,empty,added_80
image_20240130162945,8,empty,added_80
image_20240130162945,9,empty,added_80
image_20240130162945,10,occupied,added_80
image_20240130162945,11,occupied,added_80
image_20240130162945,12,occupied,added_80
image_20240130162945,13,occupied,added_80
image_20240130162945,14,occupied,added_80
image_20240130162945,15,empty,added_80
image_20240130162945,16,occupied,added_80
image_20240130162945,17,occupied,added_80
image_20240130162945,18,occupied,added_80
image_20240130162945,19,empty,added_80
image_20240130162945,20,occupied,added_80
image_20240130162945,21,occupied,added_80
image_20240130162945,22,occupied,added_80
image_20240130162945,23,empty,added_80
image_20240130162945,24,empty,added_80
image_20240130162945,25,occupied,added_80
image_20240130162945,26,empty,added_80
image_20240130162945,27,occupied,added_80
image_20240130162945,28,occupied,added_80
image_20240130162945,29,empty,added_80
image_20240130162945,30,occupied,added_80
image_20240130162945,31,occupied,added_80
image_20240130162945,32,occupied,added_80
image_20240130162945,33,occupied,added_80
image_20240130162945,34,occupied,added_80
image_20240130162945,35,empty,added_80
image_20240130162945,36,occupied,added_80
image_20240130162945,37,occupied,added_80
image_20240130162945,38,occupied,added_80
image_20240130162945,39,occupied,added_80
image_20240130162945,40,occupied,added_80
image_20240130162945,41,occupied,added_80
image_20240130162945,42,occupied,added_80
image_20240130162945,43,occupied,added_80
image_20240130162945,44,occupied,added_80
image_20240130162945,45,occupied,added_80
image_20240130162945,46,empty,added_80
image_20240130162945,47,occupied,added_80
image_20240130162945,48,occupied,added_80
image_20240130162945,49,empty,added_80
image_20240130162945,50,occupied,added_80
image_20240130162945,51,occupied,added_80
image_20240130162945,52,empty,added_80
image_20240130162945,53,empty,added_80
image_20240130162945,54,empty,added_80
image_20240130162945,55,empty,added_80
image_20240130162945,56,empty,added_80
image_20240130162945,57,empty,added_80
image_20240130162945,58,empty,added_80
image_20240130162945,59,occupied,added_80
image_20240130162945,60,empty,added_80
image_20240130162945,61,occupied,added_80
image_20240130162945,62,occupied,added_80
image_20240130162945,63,occupied,added_80
image_20240130162945,64,empty,added_80
image_20240130162945,65,occupied,added_80
image_20240130162945,66,occupied,added_80
image_20240130162945,67,occupied,added_80
image_20240130162945,68,occupied,added_80
image_20240130162945,69,occupied,added_80
image_20240130162945,70,occupied,added_80
image_20240130162945,71,occupied,added_80
image_20240130162945,72,occupied,added_80
image_20240130162945,73,occupied,added_80
image_20240130162945,74,occupied,added_80
image_20240130162945,75,occupied,added_80
image_20240130162945,76,occupied,added_80
image_20240130162945,77,occupied,added_80
image_20240130162945,78,occupied,added_80
image_20240130162945,79,occupied,added_80
image_20240130162945,80,empty,added_80
image_20240130162945,81,empty,added_80
image_20240130162945,82,empty,added_80
image_20231228145413,1,empty,added_80
image_20231228145413,2,empty,added_80
image_20231228145413,3,empty,added_80
image_20231228145413,4,empty,added_80
image_20231228145413,5,empty,added_80
image_20231228145413,6,empty,added_80
image_20231228145413,7,empty,added_80
image_20231228145413,8,empty,added_80
image_20231228145413,9,empty,added_80
image_20231228145413,10,empty,added_80
image_20231228145413,11,occupied,added_80
image_20231228145413,12,occupied,added_80
image_20231228145413,13,empty,added_80
image_20231228145413,14,occupied,added_80
image_20231228145413,15,occupied,added_80
image_20231228145413,16,occupied,added_80
image_20231228145413,17,occupied,added_80
image_20231228145413,18,occupied,added_80
image_20231228145413,19,occupied,added_80
image_20231228145413,20,occupied,added_80
image_20231228145413,21,occupied,added_80
image_20231228145413,22,empty,added_80
image_20231228145413,23,empty,added_80
image_20231228145413,24,empty,added_80
image_20231228145413,25,empty,added_80
image_20231228145413,26,empty,added_80
image_20231228145413,27,empty,added_80
image_20231228145413,28,empty,added_80
image_20231228145413,29,empty,added_80
image_20231228145413,30,occupied,added_80
image_20231228145413,31,occupied,added_80
image_20231228145413,32,occupied,added_80
image_20231228145413,33,occupied,added_80
image_20231228145413,34,empty,added_80
image_20231228145413,35,occupied,added_80
image_20231228145413,36,occupied,added_80
image_20231228145413,37,occupied,added_80
image_20231228145413,38,occupied,added_80
image_20231228145413,39,occupied,added_80
image_20231228145413,40,empty,added_80
image_20231228145413,41,occupied,added_80
image_20231228145413,42,occupied,added_80
image_20231228145413,43,empty,added_80
image_20231228145413,44,empty,added_80
image_20231228145413,45,occupied,added_80
image_20231228145413,46,occupied,added_80
image_20231228145413,47,empty,added_80
image_20231228145413,48,occupied,added_80
image_20231228145413,49,empty,added_80
image_20231228145413,50,empty,added_80
image_20231228145413,51,empty,added_80
image_20231228145413,52,empty,added_80
image_20231228145413,53,empty,added_80
image_20231228145413,54,empty,added_80
image_20231228145413,55,empty,added_80
image_20231228145413,56,empty,added_80
image_20231228145413,57,empty,added_80
image_20231228145413,58,empty,added_80
image_20231228145413,59,empty,added_80
image_20231228145413,60,empty,added_80
image_20231228145413,61,empty,added_80
image_20231228145413,62,occupied,added_80
image_20231228145413,63,empty,added_80
image_20231228145413,64,empty,added_80
image_20231228145413,65,empty,added_80
image_20231228145413,66,occupied,added_80
image_20231228145413,67,occupied,added_80
image_20231228145413,68,occupied,added_80
image_20231228145413,69,empty,added_80
image_20231228145413,70,occupied,added_80
image_20231228145413,71,occupied,added_80
image_20231228145413,72,occupied,added_80
image_20231228145413,73,occupied,added_80
image_20231228145413,74,occupied,added_80
image_20231228145413,75,occupied,added_80
image_20231228145413,76,occupied,added_80
image_20231228145413,77,occupied,added_80
image_20231228145413,78,occupied,added_80
image_20231228145413,79,empty,added_80
image_20231228145413,80,empty,added_80
image_20231228145413,81,empty,added_80
image_20231228145413,82,empty,added_80
image_20240210152750,1,empty,added_80
image_20240210152750,2,empty,added_80
image_20240210152750,3,empty,added_80
image_20240210152750,4,empty,added_80
image_20240210152750,5,empty,added_80
image_20240210152750,6,empty,added_80
image_20240210152750,7,empty,added_80
image_20240210152750,8,empty,added_80
image_20240210152750,9,empty,added_80
image_20240210152750,10,empty,added_80
image_20240210152750,11,empty,added_80
image_20240210152750,12,empty,added_80
image_20240210152750,13,empty,added_80
image_20240210152750,14,empty,added_80
image_20240210152750,15,empty,added_80
image_20240210152750,16,empty,added_80
image_20240210152750,17,empty,added_80
image_20240210152750,18,empty,added_80
image_20240210152750,19,empty,added_80
image_20240210152750,20,empty,added_80
image_20240210152750,21,empty,added_80
image_20240210152750,22,empty,added_80
image_20240210152750,23,empty,added_80
image_20240210152750,24,empty,added_80
image_20240210152750,25,empty,added_80
image_20240210152750,26,empty,added_80
image_20240210152750,27,empty,added_80
image_20240210152750,28,empty,added_80
image_20240210152750,29,empty,added_80
image_20240210152750,30,empty,added_80
image_20240210152750,31,empty,added_80
image_20240210152750,32,empty,added_80
image_20240210152750,33,empty,added_80
image_20240210152750,34,empty,added_80
image_20240210152750,35,empty,added_80
image_20240210152750,36,empty,added_80
image_20240210152750,37,empty,added_80
image_20240210152750,38,empty,added_80
image_20240210152750,39,empty,added_80
image_20240210152750,40,empty,added_80
image_20240210152750,41,empty,added_80
image_20240210152750,42,empty,added_80
image_20240210152750,43,empty,added_80
image_20240210152750,44,empty,added_80
image_20240210152750,45,empty,added_80
image_20240210152750,46,empty,added_80
image_20240210152750,47,empty,added_80
image_20240210152750,48,empty,added_80
image_20240210152750,49,empty,added_80
image_20240210152750,50,empty,added_80
image_20240210152750,51,empty,added_80
image_20240210152750,52,empty,added_80
image_20240210152750,53,empty,added_80
image_20240210152750,54,empty,added_80
image_20240210152750,55,empty,added_80
image_20240210152750,56,empty,added_80
image_20240210152750,57,empty,added_80
image_20240210152750,58,empty,added_80
image_20240210152750,59,empty,added_80
image_20240210152750,60,empty,added_80
image_20240210152750,61,empty,added_80
image_20240210152750,62,empty,added_80
image_20240210152750,63,empty,added_80
image_20240210152750,64,empty,added_80
image_20240210152750,65,empty,added_80
image_20240210152750,66,empty,added_80
image_20240210152750,67,empty,added_80
image_20240210152750,68,empty,added_80
image_20240210152750,69,empty,added_80
image_20240210152750,70,empty,added_80
image_20240210152750,71,empty,added_80
image_20240210152750,72,empty,added_80
image_20240210152750,73,occupied,added_80
image_20240210152750,74,occupied,added_80
image_20240210152750,75,empty,added_80
image_20240210152750,76,empty,added_80
image_20240210152750,77,empty,added_80
image_20240210152750,78,empty,added_80
image_20240210152750,79,occupied,added_80
image_20240210152750,80,empty,added_80
image_20240210152750,81,empty,added_80
image_20240210152750,82,empty,added_80
image_20240110114934,1,empty,added_80
image_20240110114934,2,occupied,added_80
image_20240110114934,3,empty,added_80
image_20240110114934,4,occupied,added_80
image_20240110114934,5,empty,added_80
image_20240110114934,6,occupied,added_80
image_20240110114934,7,occupied,added_80
image_20240110114934,8,occupied,added_80
image_20240110114934,9,occupied,added_80
image_20240110114934,10,empty,added_80
image_20240110114934,11,occupied,added_80
image_20240110114934,12,occupied,added_80
image_20240110114934,13,occupied,added_80
image_20240110114934,14,occupied,added_80
image_20240110114934,15,occupied,added_80
image_20240110114934,16,occupied,added_80
image_20240110114934,17,occupied,added_80
image_20240110114934,18,occupied,added_80
image_20240110114934,19,occupied,added_80
image_20240110114934,20,occupied,added_80
image_20240110114934,21,occupied,added_80
image_20240110114934,22,occupied,added_80
image_20240110114934,23,occupied,added_80
image_20240110114934,24,occupied,added_80
image_20240110114934,25,occupied,added_80
image_20240110114934,26,occupied,added_80
image_20240110114934,27,occupied,added_80
image_20240110114934,28,occupied,added_80
image_20240110114934,29,occupied,added_80
image_20240110114934,30,occupied,added_80
image_20240110114934,31,occupied,added_80
image_20240110114934,32,occupied,added_80
image_20240110114934,33,occupied,added_80
image_20240110114934,34,occupied,added_80
image_20240110114934,35,occupied,added_80
image_20240110114934,36,occupied,added_80
image_20240110114934,37,occupied,added_80
image_20240110114934,38,occupied,added_80
image_20240110114934,39,occupied,added_80
image_20240110114934,40,occupied,added_80
image_20240110114934,41,occupied,added_80
image_20240110114934,42,occupied,added_80
image_20240110114934,43,occupied,added_80
image_20240110114934,44,occupied,added_80
image_20240110114934,45,occupied,added_80
image_20240110114934,46,occupied,added_80
image_20240110114934,47,occupied,added_80
image_20240110114934,48,empty,added_80
image_20240110114934,49,empty,added_80
image_20240110114934,50,empty,added_80
image_20240110114934,51,empty,added_80
image_20240110114934,52,empty,added_80
image_20240110114934,53,occupied,added_80
image_20240110114934,54,empty,added_80
image_20240110114934,55,empty,added_80
image_20240110114934,56,empty,added_80
image_20240110114934,57,empty,added_80
image_20240110114934,58,empty,added_80
image_20240110114934,59,occupied,added_80
image_20240110114934,60,occupied,added_80
image_20240110114934,61,empty,added_80
image_20240110114934,62,occupied,added_80
image_20240110114934,63,occupied,added_80
image_20240110114934,64,occupied,added_80
image_20240110114934,65,occupied,added_80
image_20240110114934,66,occupied,added_80
image_20240110114934,67,empty,added_80
image_20240110114934,68,occupied,added_80
image_20240110114934,69,occupied,added_80
image_20240110114934,70,occupied,added_80
image_20240110114934,71,occupied,added_80
image_20240110114934,72,occupied,added_80
image_20240110114934,73,occupied,added_80
image_20240110114934,74,occupied,added_80
image_20240110114934,75,occupied,added_80
image_20240110114934,76,occupied,added_80
image_20240110114934,77,occupied,added_80
image_20240110114934,78,occupied,added_80
image_20240110114934,79,occupied,added_80
image_20240110114934,80,empty,added_80
image_20240110114934,81,empty,added_80
image_20240110114934,82,empty,added_80
image_20240130124832,1,empty,added_80
image_20240130124832,2,empty,added_80
image_20240130124832,3,occupied,added_80
image_20240130124832,4,occupied,added_80
image_20240130124832,5,occupied,added_80
image_20240130124832,6,occupied,added_80
image_20240130124832,7,empty,added_80
image_20240130124832,8,occupied,added_80
image_20240130124832,9,occupied,added_80
image_20240130124832,10,occupied,added_80
image_20240130124832,11,occupied,added_80
image_20240130124832,12,occupied,added_80
image_20240130124832,13,occupied,added_80
image_20240130124832,14,occupied,added_80
image_20240130124832,15,empty,added_80
image_20240130124832,16,occupied,added_80
image_20240130124832,17,occupied,added_80
image_20240130124832,18,occupied,added_80
image_20240130124832,19,occupied,added_80
image_20240130124832,20,occupied,added_80
image_20240130124832,21,occupied,added_80
image_20240130124832,22,occupied,added_80
image_20240130124832,23,occupied,added_80
image_20240130124832,24,occupied,added_80
image_20240130124832,25,empty,added_80
image_20240130124832,26,occupied,added_80
image_20240130124832,27,occupied,added_80
image_20240130124832,28,occupied,added_80
image_20240130124832,29,empty,added_80
image_20240130124832,30,occupied,added_80
image_20240130124832,31,occupied,added_80
image_20240130124832,32,empty,added_80
image_20240130124832,33,occupied,added_80
image_20240130124832,34,occupied,added_80
image_20240130124832,35,occupied,added_80
image_20240130124832,36,occupied,added_80
image_20240130124832,37,occupied,added_80
image_20240130124832,38,occupied,added_80
image_20240130124832,39,occupied,added_80
image_20240130124832,40,occupied,added_80
image_20240130124832,41,occupied,added_80
image_20240130124832,42,occupied,added_80
image_20240130124832,43,occupied,added_80
image_20240130124832,44,occupied,added_80
image_20240130124832,45,occupied,added_80
image_20240130124832,46,empty,added_80
image_20240130124832,47,occupied,added_80
image_20240130124832,48,occupied,added_80
image_20240130124832,49,occupied,added_80
image_20240130124832,50,occupied,added_80
image_20240130124832,51,occupied,added_80
image_20240130124832,52,empty,added_80
image_20240130124832,53,empty,added_80
image_20240130124832,54,empty,added_80
image_20240130124832,55,empty,added_80
image_20240130124832,56,empty,added_80
image_20240130124832,57,empty,added_80
image_20240130124832,58,empty,added_80
image_20240130124832,59,occupied,added_80
image_20240130124832,60,occupied,added_80
image_20240130124832,61,occupied,added_80
image_20240130124832,62,occupied,added_80
image_20240130124832,63,occupied,added_80
image_20240130124832,64,empty,added_80
image_20240130124832,65,occupied,added_80
image_20240130124832,66,occupied,added_80
image_20240130124832,67,occupied,added_80
image_20240130124832,68,occupied,added_80
image_20240130124832,69,occupied,added_80
image_20240130124832,70,occupied,added_80
image_20240130124832,71,occupied,added_80
image_20240130124832,72,occupied,added_80
image_20240130124832,73,occupied,added_80
image_20240130124832,74,occupied,added_80
image_20240130124832,75,occupied,added_80
image_20240130124832,76,occupied,added_80
image_20240130124832,77,occupied,added_80
image_20240130124832,78,occupied,added_80
image_20240130124832,79,occupied,added_80
image_20240130124832,80,empty,added_80
image_20240130124832,81,empty,added_80
image_20240130124832,82,empty,added_80
image_20231230140116,1,empty,added_80
image_20231230140116,2,empty,added_80
image_20231230140116,3,empty,added_80
image_20231230140116,4,empty,added_80
image_20231230140116,5,empty,added_80
image_20231230140116,6,empty,added_80
image_20231230140116,7,empty,added_80
image_20231230140116,8,empty,added_80
image_20231230140116,9,empty,added_80
image_20231230140116,10,empty,added_80
image_20231230140116,11,empty,added_80
image_20231230140116,12,empty,added_80
image_20231230140116,13,empty,added_80
image_20231230140116,14,empty,added_80
image_20231230140116,15,empty,added_80
image_20231230140116,16,empty,added_80
image_20231230140116,17,empty,added_80
image_20231230140116,18,empty,added_80
image_20231230140116,19,empty,added_80
image_20231230140116,20,empty,added_80
image_20231230140116,21,empty,added_80
image_20231230140116,22,empty,added_80
image_20231230140116,23,empty,added_80
image_20231230140116,24,empty,added_80
image_20231230140116,25,empty,added_80
image_20231230140116,26,empty,added_80
image_20231230140116,27,empty,added_80
image_20231230140116,28,empty,added_80
image_20231230140116,29,empty,added_80
image_20231230140116,30,empty,added_80
image_20231230140116,31,empty,added_80
image_20231230140116,32,occupied,added_80
image_20231230140116,33,empty,added_80
image_20231230140116,34,occupied,added_80
image_20231230140116,35,empty,added_80
image_20231230140116,36,empty,added_80
image_20231230140116,37,empty,added_80
image_20231230140116,38,empty,added_80
image_20231230140116,39,empty,added_80
image_20231230140116,40,empty,added_80
image_20231230140116,41,empty,added_80
image_20231230140116,42,empty,added_80
image_20231230140116,43,empty,added_80
image_20231230140116,44,empty,added_80
image_20231230140116,45,empty,added_80
image_20231230140116,46,empty,added_80
image_20231230140116,47,empty,added_80
image_20231230140116,48,empty,added_80
image_20231230140116,49,empty,added_80
image_20231230140116,50,empty,added_80
image_20231230140116,51,empty,added_80
image_20231230140116,52,empty,added_80
image_20231230140116,53,empty,added_80
image_20231230140116,54,empty,added_80
image_20231230140116,55,empty,added_80
image_20231230140116,56,empty,added_80
image_20231230140116,57,empty,added_80
image_20231230140116,58,empty,added_80
image_20231230140116,59,empty,added_80
image_20231230140116,60,empty,added_80
image_20231230140116,61,empty,added_80
image_20231230140116,62,empty,added_80
image_20231230140116,63,empty,added_80
image_20231230140116,64,empty,added_80
image_20231230140116,65,empty,added_80
image_20231230140116,66,empty,added_80
image_20231230140116,67,empty,added_80
image_20231230140116,68,empty,added_80
image_20231230140116,69,empty,added_80
image_20231230140116,70,empty,added_80
image_20231230140116,71,empty,added_80
image_20231230140116,72,empty,added_80
image_20231230140116,73,empty,added_80
image_20231230140116,74,empty,added_80
image_20231230140116,75,empty,added_80
image_20231230140116,76,occupied,added_80
image_20231230140116,77,empty,added_80
image_20231230140116,78,empty,added_80
image_20231230140116,79,empty,added_80
image_20231230140116,80,empty,added_80
image_20231230140116,81,empty,added_80
image_20231230140116,82,empty,added_80
image_20240210153754,1,empty,added_80
image_20240210153754,2,empty,added_80
image_20240210153754,3,empty,added_80
image_20240210153754,4,empty,added_80
image_20240210153754,5,empty,added_80
image_20240210153754,6,empty,added_80
image_20240210153754,7,empty,added_80
image_20240210153754,8,empty,added_80
image_20240210153754,9,empty,added_80
image_20240210153754,10,empty,added_80
image_20240210153754,11,empty,added_80
image_20240210153754,12,empty,added_80
image_20240210153754,13,empty,added_80
image_20240210153754,14,empty,added_80
image_20240210153754,15,empty,added_80
image_20240210153754,16,empty,added_80
image_20240210153754,17,empty,added_80
image_20240210153754,18,empty,added_80
image_20240210153754,19,empty,added_80
image_20240210153754,20,empty,added_80
image_20240210153754,21,empty,added_80
image_20240210153754,22,empty,added_80
image_20240210153754,23,empty,added_80
image_20240210153754,24,empty,added_80
image_20240210153754,25,empty,added_80
image_20240210153754,26,empty,added_80
image_20240210153754,27,empty,added_80
image_20240210153754,28,empty,added_80
image_20240210153754,29,empty,added_80
image_20240210153754,30,empty,added_80
image_20240210153754,31,empty,added_80
image_20240210153754,32,empty,added_80
image_20240210153754,33,empty,added_80
image_20240210153754,34,empty,added_80
image_20240210153754,35,empty,added_80
image_20240210153754,36,empty,added_80
image_20240210153754,37,empty,added_80
image_20240210153754,38,empty,added_80
image_20240210153754,39,empty,added_80
image_20240210153754,40,empty,added_80
image_20240210153754,41,empty,added_80
image_20240210153754,42,empty,added_80
image_20240210153754,43,empty,added_80
image_20240210153754,44,empty,added_80
image_20240210153754,45,empty,added_80
image_20240210153754,46,empty,added_80
image_20240210153754,47,empty,added_80
image_20240210153754,48,empty,added_80
image_20240210153754,49,empty,added_80
image_20240210153754,50,empty,added_80
image_20240210153754,51,empty,added_80
image_20240210153754,52,empty,added_80
image_20240210153754,53,empty,added_80
image_20240210153754,54,empty,added_80
image_20240210153754,55,empty,added_80
image_20240210153754,56,empty,added_80
image_20240210153754,57,empty,added_80
image_20240210153754,58,empty,added_80
image_20240210153754,59,empty,added_80
image_20240210153754,60,empty,added_80
image_20240210153754,61,empty,added_80
image_20240210153754,62,empty,added_80
image_20240210153754,63,empty,added_80
image_20240210153754,64,empty,added_80
image_20240210153754,65,empty,added_80
image_20240210153754,66,empty,added_80
image_20240210153754,67,empty,added_80
image_20240210153754,68,empty,added_80
image_20240210153754,69,empty,added_80
image_20240210153754,70,empty,added_80
image_20240210153754,71,empty,added_80
image_20240210153754,72,empty,added_80
image_20240210153754,73,occupied,added_80
image_20240210153754,74,occupied,added_80
image_20240210153754,75,empty,added_80
image_20240210153754,76,empty,added_80
image_20240210153754,77,empty,added_80
image_20240210153754,78,empty,added_80
image_20240210153754,79,occupied,added_80
image_20240210153754,80,empty,added_80
image_20240210153754,81,empty,added_80
image_20240210153754,82,empty,added_80
image_20240211114004,1,empty,added_80
image_20240211114004,2,empty,added_80
image_20240211114004,3,empty,added_80
image_20240211114004,4,empty,added_80
image_20240211114004,5,empty,added_80
image_20240211114004,6,empty,added_80
image_20240211114004,7,empty,added_80
image_20240211114004,8,empty,added_80
image_20240211114004,9,empty,added_80
image_20240211114004,10,empty,added_80
image_20240211114004,11,empty,added_80
image_20240211114004,12,empty,added_80
image_20240211114004,13,empty,added_80
image_20240211114004,14,empty,added_80
image_20240211114004,15,empty,added_80
image_20240211114004,16,empty,added_80
image_20240211114004,17,empty,added_80
image_20240211114004,18,empty,added_80
image_20240211114004,19,empty,added_80
image_20240211114004,20,empty,added_80
image_20240211114004,21,empty,added_80
image_20240211114004,22,empty,added_80
image_20240211114004,23,empty,added_80
image_20240211114004,24,empty,added_80
image_20240211114004,25,empty,added_80
image_20240211114004,26,empty,added_80
image_20240211114004,27,empty,added_80
image_20240211114004,28,empty,added_80
image_20240211114004,29,empty,added_80
image_20240211114004,30,empty,added_80
image_20240211114004,31,occupied,added_80
image_20240211114004,32,occupied,added_80
image_20240211114004,33,occupied,added_80
image_20240211114004,34,empty,added_80
image_20240211114004,35,empty,added_80
image_20240211114004,36,empty,added_80
image_20240211114004,37,empty,added_80
image_20240211114004,38,empty,added_80
image_20240211114004,39,empty,added_80
image_20240211114004,40,empty,added_80
image_20240211114004,41,empty,added_80
image_20240211114004,42,empty,added_80
image_20240211114004,43,empty,added_80
image_20240211114004,44,empty,added_80
image_20240211114004,45,empty,added_80
image_20240211114004,46,empty,added_80
image_20240211114004,47,empty,added_80
image_20240211114004,48,empty,added_80
image_20240211114004,49,empty,added_80
image_20240211114004,50,empty,added_80
image_20240211114004,51,empty,added_80
image_20240211114004,52,empty,added_80
image_20240211114004,53,empty,added_80
image_20240211114004,54,empty,added_80
image_20240211114004,55,empty,added_80
image_20240211114004,56,empty,added_80
image_20240211114004,57,empty,added_80
image_20240211114004,58,empty,added_80
image_20240211114004,59,empty,added_80
image_20240211114004,60,empty,added_80
image_20240211114004,61,empty,added_80
image_20240211114004,62,empty,added_80
image_20240211114004,63,empty,added_80
image_20240211114004,64,empty,added_80
image_20240211114004,65,empty,added_80
image_20240211114004,66,empty,added_80
image_20240211114004,67,empty,added_80
image_20240211114004,68,empty,added_80
image_20240211114004,69,empty,added_80
image_20240211114004,70,empty,added_80
image_20240211114004,71,empty,added_80
image_20240211114004,72,empty,added_80
image_20240211114004,73,occupied,added_80
image_20240211114004,74,empty,added_80
image_20240211114004,75,occupied,added_80
image_20240211114004,76,empty,added_80
image_20240211114004,77,empty,added_80
image_20240211114004,78,occupied,added_80
image_20240211114004,79,empty,added_80
image_20240211114004,80,empty,added_80
image_20240211114004,81,empty,added_80
image_20240211114004,82,empty,added_80
image_20231230133106,1,empty,added_80
image_20231230133106,2,empty,added_80
image_20231230133106,3,empty,added_80
image_20231230133106,4,empty,added_80
image_20231230133106,5,empty,added_80
image_20231230133106,6,empty,added_80
image_20231230133106,7,empty,added_80
image_20231230133106,8,empty,added_80
image_20231230133106,9,empty,added_80
image_20231230133106,10,empty,added_80
image_20231230133106,11,empty,added_80
image_20231230133106,12,empty,added_80
image_20231230133106,13,empty,added_80
image_20231230133106,14,empty,added_80
image_20231230133106,15,empty,added_80
image_20231230133106,16,empty,added_80
image_20231230133106,17,empty,added_80
image_20231230133106,18,empty,added_80
image_20231230133106,19,empty,added_80
image_20231230133106,20,empty,added_80
image_20231230133106,21,empty,added_80
image_20231230133106,22,empty,added_80
image_20231230133106,23,empty,added_80
image_20231230133106,24,empty,added_80
image_20231230133106,25,empty,added_80
image_20231230133106,26,empty,added_80
image_20231230133106,27,empty,added_80
image_20231230133106,28,empty,added_80
image_20231230133106,29,empty,added_80
image_20231230133106,30,empty,added_80
image_20231230133106,31,empty,added_80
image_20231230133106,32,occupied,added_80
image_20231230133106,33,empty,added_80
image_20231230133106,34,occupied,added_80
image_20231230133106,35,empty,added_80
image_20231230133106,36,empty,added_80
image_20231230133106,37,empty,added_80
image_20231230133106,38,empty,added_80
image_20231230133106,39,empty,added_80
image_20231230133106,40,empty,added_80
image_20231230133106,41,empty,added_80
image_20231230133106,42,empty,added_80
image_20231230133106,43,empty,added_80
image_20231230133106,44,empty,added_80
image_20231230133106,45,empty,added_80
image_20231230133106,46,empty,added_80
image_20231230133106,47,empty,added_80
image_20231230133106,48,empty,added_80
image_20231230133106,49,empty,added_80
image_20231230133106,50,empty,added_80
image_20231230133106,51,empty,added_80
image_20231230133106,52,empty,added_80
image_20231230133106,53,empty,added_80
image_20231230133106,54,empty,added_80
image_20231230133106,55,empty,added_80
image_20231230133106,56,empty,added_80
image_20231230133106,57,empty,added_80
image_20231230133106,58,empty,added_80
image_20231230133106,59,empty,added_80
image_20231230133106,60,empty,added_80
image_20231230133106,61,empty,added_80
image_20231230133106,62,empty,added_80
image_20231230133106,63,empty,added_80
image_20231230133106,64,empty,added_80
image_20231230133106,65,empty,added_80
image_20231230133106,66,empty,added_80
image_20231230133106,67,empty,added_80
image_20231230133106,68,empty,added_80
image_20231230133106,69,empty,added_80
image_20231230133106,70,empty,added_80
image_20231230133106,71,empty,added_80
image_20231230133106,72,empty,added_80
image_20231230133106,73,empty,added_80
image_20231230133106,74,empty,added_80
image_20231230133106,75,empty,added_80
image_20231230133106,76,occupied,added_80
image_20231230133106,77,empty,added_80
image_20231230133106,78,empty,added_80
image_20231230133106,79,empty,added_80
image_20231230133106,80,empty,added_80
image_20231230133106,81,empty,added_80
image_20231230133106,82,empty,added_80
image_20231212101559,1,empty,added_80
image_20231212101559,2,occupied,added_80
image_20231212101559,3,empty,added_80
image_20231212101559,4,empty,added_80
image_20231212101559,5,empty,added_80
image_20231212101559,6,empty,added_80
image_20231212101559,7,occupied,added_80
image_20231212101559,8,occupied,added_80
image_20231212101559,9,occupied,added_80
image_20231212101559,10,occupied,added_80
image_20231212101559,11,occupied,added_80
image_20231212101559,12,occupied,added_80
image_20231212101559,13,occupied,added_80
image_20231212101559,14,occupied,added_80
image_20231212101559,15,occupied,added_80
image_20231212101559,16,occupied,added_80
image_20231212101559,17,occupied,added_80
image_20231212101559,18,occupied,added_80
image_20231212101559,19,occupied,added_80
image_20231212101559,20,occupied,added_80
image_20231212101559,21,occupied,added_80
image_20231212101559,22,occupied,added_80
image_20231212101559,23,occupied,added_80
image_20231212101559,24,empty,added_80
image_20231212101559,25,empty,added_80
image_20231212101559,26,empty,added_80
image_20231212101559,27,empty,added_80
image_20231212101559,28,empty,added_80
image_20231212101559,29,empty,added_80
image_20231212101559,30,occupied,added_80
image_20231212101559,31,occupied,added_80
image_20231212101559,32,occupied,added_80
image_20231212101559,33,occupied,added_80
image_20231212101559,34,occupied,added_80
image_20231212101559,35,occupied,added_80
image_20231212101559,36,occupied,added_80
image_20231212101559,37,occupied,added_80
image_20231212101559,38,occupied,added_80
image_20231212101559,39,occupied,added_80
image_20231212101559,40,occupied,added_80
image_20231212101559,41,occupied,added_80
image_20231212101559,42,occupied,added_80
image_20231212101559,43,occupied,added_80
image_20231212101559,44,occupied,added_80
image_20231212101559,45,empty,added_80
image_20231212101559,46,empty,added_80
image_20231212101559,47,empty,added_80
image_20231212101559,48,empty,added_80
image_20231212101559,49,empty,added_80
image_20231212101559,50,empty,added_80
image_20231212101559,51,empty,added_80
image_20231212101559,52,empty,added_80
image_20231212101559,53,empty,added_80
image_20231212101559,54,empty,added_80
image_20231212101559,55,empty,added_80
image_20231212101559,56,empty,added_80
image_20231212101559,57,empty,added_80
image_20231212101559,58,empty,added_80
image_20231212101559,59,empty,added_80
image_20231212101559,60,empty,added_80
image_20231212101559,61,empty,added_80
image_20231212101559,62,empty,added_80
image_20231212101559,63,empty,added_80
image_20231212101559,64,occupied,added_80
image_20231212101559,65,occupied,added_80
image_20231212101559,66,occupied,added_80
image_20231212101559,67,occupied,added_80
image_20231212101559,68,occupied,added_80
image_20231212101559,69,occupied,added_80
image_20231212101559,70,occupied,added_80
image_20231212101559,71,occupied,added_80
image_20231212101559,72,occupied,added_80
image_20231212101559,73,occupied,added_80
image_20231212101559,74,occupied,added_80
image_20231212101559,75,occupied,added_80
image_20231212101559,76,occupied,added_80
image_20231212101559,77,occupied,added_80
image_20231212101559,78,occupied,added_80
image_20231212101559,79,occupied,added_80
image_20231212101559,80,empty,added_80
image_20231212101559,81,empty,added_80
image_20231212101559,82,occupied,added_80
image_20240110153047,1,empty,added_80
image_20240110153047,2,occupied,added_80
image_20240110153047,3,empty,added_80
image_20240110153047,4,occupied,added_80
image_20240110153047,5,occupied,added_80
image_20240110153047,6,empty,added_80
image_20240110153047,7,occupied,added_80
image_20240110153047,8,occupied,added_80
image_20240110153047,9,occupied,added_80
image_20240110153047,10,empty,added_80
image_20240110153047,11,occupied,added_80
image_20240110153047,12,occupied,added_80
image_20240110153047,13,occupied,added_80
image_20240110153047,14,occupied,added_80
image_20240110153047,15,occupied,added_80
image_20240110153047,16,occupied,added_80
image_20240110153047,17,occupied,added_80
image_20240110153047,18,occupied,added_80
image_20240110153047,19,occupied,added_80
image_20240110153047,20,occupied,added_80
image_20240110153047,21,empty,added_80
image_20240110153047,22,occupied,added_80
image_20240110153047,23,occupied,added_80
image_20240110153047,24,occupied,added_80
image_20240110153047,25,occupied,added_80
image_20240110153047,26,occupied,added_80
image_20240110153047,27,occupied,added_80
image_20240110153047,28,occupied,added_80
image_20240110153047,29,occupied,added_80
image_20240110153047,30,occupied,added_80
image_20240110153047,31,occupied,added_80
image_20240110153047,32,occupied,added_80
image_20240110153047,33,occupied,added_80
image_20240110153047,34,occupied,added_80
image_20240110153047,35,occupied,added_80
image_20240110153047,36,occupied,added_80
image_20240110153047,37,occupied,added_80
image_20240110153047,38,empty,added_80
image_20240110153047,39,empty,added_80
image_20240110153047,40,empty,added_80
image_20240110153047,41,occupied,added_80
image_20240110153047,42,occupied,added_80
image_20240110153047,43,occupied,added_80
image_20240110153047,44,occupied,added_80
image_20240110153047,45,occupied,added_80
image_20240110153047,46,empty,added_80
image_20240110153047,47,occupied,added_80
image_20240110153047,48,occupied,added_80
image_20240110153047,49,occupied,added_80
image_20240110153047,50,occupied,added_80
image_20240110153047,51,occupied,added_80
image_20240110153047,52,empty,added_80
image_20240110153047,53,empty,added_80
image_20240110153047,54,empty,added_80
image_20240110153047,55,empty,added_80
image_20240110153047,56,empty,added_80
image_20240110153047,57,empty,added_80
image_20240110153047,58,empty,added_80
image_20240110153047,59,occupied,added_80
image_20240110153047,60,occupied,added_80
image_20240110153047,61,occupied,added_80
image_20240110153047,62,occupied,added_80
image_20240110153047,63,occupied,added_80
image_20240110153047,64,occupied,added_80
image_20240110153047,65,empty,added_80
image_20240110153047,66,occupied,added_80
image_20240110153047,67,occupied,added_80
image_20240110153047,68,occupied,added_80
image_20240110153047,69,occupied,added_80
image_20240110153047,70,occupied,added_80
image_20240110153047,71,occupied,added_80
image_20240110153047,72,occupied,added_80
image_20240110153047,73,occupied,added_80
image_20240110153047,74,empty,added_80
image_20240110153047,75,occupied,added_80
image_20240110153047,76,occupied,added_80
image_20240110153047,77,occupied,added_80
image_20240110153047,78,occupied,added_80
image_20240110153047,79,occupied,added_80
image_20240110153047,80,empty,added_80
image_20240110153047,81,empty,added_80
image_20240110153047,82,empty,added_80
image_20240309095355,1,empty,added_80
image_20240309095355,2,empty,added_80
image_20240309095355,3,empty,added_80
image_20240309095355,4,empty,added_80
image_20240309095355,5,empty,added_80
image_20240309095355,6,empty,added_80
image_20240309095355,7,empty,added_80
image_20240309095355,8,empty,added_80
image_20240309095355,9,empty,added_80
image_20240309095355,10,empty,added_80
image_20240309095355,11,empty,added_80
image_20240309095355,12,occupied,added_80
image_20240309095355,13,empty,added_80
image_20240309095355,14,empty,added_80
image_20240309095355,15,empty,added_80
image_20240309095355,16,empty,added_80
image_20240309095355,17,empty,added_80
image_20240309095355,18,empty,added_80
image_20240309095355,19,empty,added_80
image_20240309095355,20,empty,added_80
image_20240309095355,21,empty,added_80
image_20240309095355,22,empty,added_80
image_20240309095355,23,empty,added_80
image_20240309095355,24,empty,added_80
image_20240309095355,25,empty,added_80
image_20240309095355,26,empty,added_80
image_20240309095355,27,empty,added_80
image_20240309095355,28,empty,added_80
image_20240309095355,29,empty,added_80
image_20240309095355,30,occupied,added_80
image_20240309095355,31,occupied,added_80
image_20240309095355,32,empty,added_80
image_20240309095355,33,empty,added_80
image_20240309095355,34,occupied,added_80
image_20240309095355,35,empty,added_80
image_20240309095355,36,empty,added_80
image_20240309095355,37,empty,added_80
image_20240309095355,38,empty,added_80
image_20240309095355,39,empty,added_80
image_20240309095355,40,empty,added_80
image_20240309095355,41,empty,added_80
image_20240309095355,42,empty,added_80
image_20240309095355,43,empty,added_80
image_20240309095355,44,empty,added_80
image_20240309095355,45,empty,added_80
image_20240309095355,46,empty,added_80
image_20240309095355,47,empty,added_80
image_20240309095355,48,empty,added_80
image_20240309095355,49,empty,added_80
image_20240309095355,50,empty,added_80
image_20240309095355,51,empty,added_80
image_20240309095355,52,empty,added_80
image_20240309095355,53,empty,added_80
image_20240309095355,54,empty,added_80
image_20240309095355,55,empty,added_80
image_20240309095355,56,empty,added_80
image_20240309095355,57,empty,added_80
image_20240309095355,58,empty,added_80
image_20240309095355,59,empty,added_80
image_20240309095355,60,occupied,added_80
image_20240309095355,61,empty,added_80
image_20240309095355,62,empty,added_80
image_20240309095355,63,empty,added_80
image_20240309095355,64,empty,added_80
image_20240309095355,65,empty,added_80
image_20240309095355,66,empty,added_80
image_20240309095355,67,empty,added_80
image_20240309095355,68,empty,added_80
image_20240309095355,69,empty,added_80
image_20240309095355,70,empty,added_80
image_20240309095355,71,empty,added_80
image_20240309095355,72,empty,added_80
image_20240309095355,73,empty,added_80
image_20240309095355,74,empty,added_80
image_20240309095355,75,empty,added_80
image_20240309095355,76,empty,added_80
image_20240309095355,77,empty,added_80
image_20240309095355,78,empty,added_80
image_20240309095355,79,empty,added_80
image_20240309095355,80,empty,added_80
image_20240309095355,81,empty,added_80
image_20240309095355,82,empty,added_80
image_20240210110624,1,empty,added_80
image_20240210110624,2,empty,added_80
image_20240210110624,3,empty,added_80
image_20240210110624,4,empty,added_80
image_20240210110624,5,empty,added_80
image_20240210110624,6,empty,added_80
image_20240210110624,7,empty,added_80
image_20240210110624,8,empty,added_80
image_20240210110624,9,empty,added_80
image_20240210110624,10,empty,added_80
image_20240210110624,11,empty,added_80
image_20240210110624,12,empty,added_80
image_20240210110624,13,empty,added_80
image_20240210110624,14,empty,added_80
image_20240210110624,15,empty,added_80
image_20240210110624,16,empty,added_80
image_20240210110624,17,empty,added_80
image_20240210110624,18,empty,added_80
image_20240210110624,19,empty,added_80
image_20240210110624,20,empty,added_80
image_20240210110624,21,empty,added_80
image_20240210110624,22,empty,added_80
image_20240210110624,23,empty,added_80
image_20240210110624,24,empty,added_80
image_20240210110624,25,empty,added_80
image_20240210110624,26,empty,added_80
image_20240210110624,27,empty,added_80
image_20240210110624,28,empty,added_80
image_20240210110624,29,empty,added_80
image_20240210110624,30,empty,added_80
image_20240210110624,31,empty,added_80
image_20240210110624,32,empty,added_80
image_20240210110624,33,empty,added_80
image_20240210110624,34,empty,added_80
image_20240210110624,35,empty,added_80
image_20240210110624,36,empty,added_80
image_20240210110624,37,empty,added_80
image_20240210110624,38,empty,added_80
image_20240210110624,39,empty,added_80
image_20240210110624,40,empty,added_80
image_20240210110624,41,empty,added_80
image_20240210110624,42,empty,added_80
image_20240210110624,43,empty,added_80
image_20240210110624,44,empty,added_80
image_20240210110624,45,empty,added_80
image_20240210110624,46,empty,added_80
image_20240210110624,47,empty,added_80
image_20240210110624,48,empty,added_80
image_20240210110624,49,empty,added_80
image_20240210110624,50,empty,added_80
image_20240210110624,51,empty,added_80
image_20240210110624,52,empty,added_80
image_20240210110624,53,empty,added_80
image_20240210110624,54,empty,added_80
image_20240210110624,55,empty,added_80
image_20240210110624,56,empty,added_80
image_20240210110624,57,empty,added_80
image_20240210110624,58,empty,added_80
image_20240210110624,59,empty,added_80
image_20240210110624,60,empty,added_80
image_20240210110624,61,empty,added_80
image_20240210110624,62,empty,added_80
image_20240210110624,63,empty,added_80
image_20240210110624,64,empty,added_80
image_20240210110624,65,empty,added_80
image_20240210110624,66,empty,added_80
image_20240210110624,67,empty,added_80
image_20240210110624,68,empty,added_80
image_20240210110624,69,empty,added_80
image_20240210110624,70,empty,added_80
image_20240210110624,71,empty,added_80
image_20240210110624,72,empty,added_80
image_20240210110624,73,occupied,added_80
image_20240210110624,74,occupied,added_80
image_20240210110624,75,occupied,added_80
image_20240210110624,76,empty,added_80
image_20240210110624,77,occupied,added_80
image_20240210110624,78,occupied,added_80
image_20240210110624,79,occupied,added_80
image_20240210110624,80,empty,added_80
image_20240210110624,81,empty,added_80
image_20240210110624,82,empty,added_80
image_20240203104135,1,empty,added_80
image_20240203104135,2,empty,added_80
image_20240203104135,3,empty,added_80
image_20240203104135,4,empty,added_80
image_20240203104135,5,empty,added_80
image_20240203104135,6,empty,added_80
image_20240203104135,7,empty,added_80
image_20240203104135,8,empty,added_80
image_20240203104135,9,empty,added_80
image_20240203104135,10,empty,added_80
image_20240203104135,11,empty,added_80
image_20240203104135,12,empty,added_80
image_20240203104135,13,empty,added_80
image_20240203104135,14,empty,added_80
image_20240203104135,15,occupied,added_80
image_20240203104135,16,empty,added_80
image_20240203104135,17,occupied,added_80
image_20240203104135,18,empty,added_80
image_20240203104135,19,empty,added_80
image_20240203104135,20,empty,added_80
image_20240203104135,21,empty,added_80
image_20240203104135,22,empty,added_80
image_20240203104135,23,empty,added_80
image_20240203104135,24,empty,added_80
image_20240203104135,25,empty,added_80
image_20240203104135,26,empty,added_80
image_20240203104135,27,empty,added_80
image_20240203104135,28,empty,added_80
image_20240203104135,29,empty,added_80
image_20240203104135,30,empty,added_80
image_20240203104135,31,empty,added_80
image_20240203104135,32,occupied,added_80
image_20240203104135,33,occupied,added_80
image_20240203104135,34,empty,added_80
image_20240203104135,35,empty,added_80
image_20240203104135,36,empty,added_80
image_20240203104135,37,empty,added_80
image_20240203104135,38,empty,added_80
image_20240203104135,39,empty,added_80
image_20240203104135,40,empty,added_80
image_20240203104135,41,empty,added_80
image_20240203104135,42,empty,added_80
image_20240203104135,43,empty,added_80
image_20240203104135,44,empty,added_80
image_20240203104135,45,empty,added_80
image_20240203104135,46,empty,added_80
image_20240203104135,47,empty,added_80
image_20240203104135,48,empty,added_80
image_20240203104135,49,empty,added_80
image_20240203104135,50,empty,added_80
image_20240203104135,51,empty,added_80
image_20240203104135,52,empty,added_80
image_20240203104135,53,empty,added_80
image_20240203104135,54,empty,added_80
image_20240203104135,55,empty,added_80
image_20240203104135,56,empty,added_80
image_20240203104135,57,empty,added_80
image_20240203104135,58,empty,added_80
image_20240203104135,59,empty,added_80
image_20240203104135,60,empty,added_80
image_20240203104135,61,empty,added_80
image_20240203104135,62,empty,added_80
image_20240203104135,63,empty,added_80
image_20240203104135,64,empty,added_80
image_20240203104135,65,empty,added_80
image_20240203104135,66,empty,added_80
image_20240203104135,67,empty,added_80
image_20240203104135,68,empty,added_80
image_20240203104135,69,empty,added_80
image_20240203104135,70,empty,added_80
image_20240203104135,71,empty,added_80
image_20240203104135,72,empty,added_80
image_20240203104135,73,empty,added_80
image_20240203104135,74,empty,added_80
image_20240203104135,75,occupied,added_80
image_20240203104135,76,occupied,added_80
image_20240203104135,77,empty,added_80
image_20240203104135,78,occupied,added_80
image_20240203104135,79,occupied,added_80
image_20240203104135,80,empty,added_80
image_20240203104135,81,empty,added_80
image_20240203104135,82,empty,added_80
image_20240210073514,1,empty,added_80
image_20240210073514,2,empty,added_80
image_20240210073514,3,empty,added_80
image_20240210073514,4,empty,added_80
image_20240210073514,5,empty,added_80
image_20240210073514,6,empty,added_80
image_20240210073514,7,empty,added_80
image_20240210073514,8,empty,added_80
image_20240210073514,9,empty,added_80
image_20240210073514,10,empty,added_80
image_20240210073514,11,empty,added_80
image_20240210073514,12,empty,added_80
image_20240210073514,13,empty,added_80
image_20240210073514,14,empty,added_80
image_20240210073514,15,empty,added_80
image_20240210073514,16,empty,added_80
image_20240210073514,17,empty,added_80
image_20240210073514,18,empty,added_80
image_20240210073514,19,empty,added_80
image_20240210073514,20,empty,added_80
image_20240210073514,21,empty,added_80
image_20240210073514,22,empty,added_80
image_20240210073514,23,empty,added_80
image_20240210073514,24,empty,added_80
image_20240210073514,25,empty,added_80
image_20240210073514,26,empty,added_80
image_20240210073514,27,empty,added_80
image_20240210073514,28,empty,added_80
image_20240210073514,29,empty,added_80
image_20240210073514,30,empty,added_80
image_20240210073514,31,empty,added_80
image_20240210073514,32,empty,added_80
image_20240210073514,33,empty,added_80
image_20240210073514,34,empty,added_80
image_20240210073514,35,empty,added_80
image_20240210073514,36,empty,added_80
image_20240210073514,37,empty,added_80
image_20240210073514,38,empty,added_80
image_20240210073514,39,empty,added_80
image_20240210073514,40,empty,added_80
image_20240210073514,41,empty,added_80
image_20240210073514,42,empty,added_80
image_20240210073514,43,empty,added_80
image_20240210073514,44,empty,added_80
image_20240210073514,45,empty,added_80
image_20240210073514,46,empty,added_80
image_20240210073514,47,empty,added_80
image_20240210073514,48,empty,added_80
image_20240210073514,49,empty,added_80
image_20240210073514,50,empty,added_80
image_20240210073514,51,empty,added_80
image_20240210073514,52,empty,added_80
image_20240210073514,53,empty,added_80
image_20240210073514,54,empty,added_80
image_20240210073514,55,empty,added_80
image_20240210073514,56,empty,added_80
image_20240210073514,57,empty,added_80
image_20240210073514,58,empty,added_80
image_20240210073514,59,empty,added_80
image_20240210073514,60,empty,added_80
image_20240210073514,61,empty,added_80
image_20240210073514,62,empty,added_80
image_20240210073514,63,empty,added_80
image_20240210073514,64,empty,added_80
image_20240210073514,65,empty,added_80
image_20240210073514,66,empty,added_80
image_20240210073514,67,empty,added_80
image_20240210073514,68,empty,added_80
image_20240210073514,69,empty,added_80
image_20240210073514,70,occupied,added_80
image_20240210073514,71,empty,added_80
image_20240210073514,72,empty,added_80
image_20240210073514,73,empty,added_80
image_20240210073514,74,empty,added_80
image_20240210073514,75,occupied,added_80
image_20240210073514,76,occupied,added_80
image_20240210073514,77,empty,added_80
image_20240210073514,78,empty,added_80
image_20240210073514,79,empty,added_80
image_20240210073514,80,empty,added_80
image_20240210073514,81,empty,added_80
image_20240210073514,82,empty,added_80
